slug,category,brand_name,url
1-2-3-4-go-records,Independent Record Store - US,1-2-3-4 Go! Records,https://1234gorecords.com
101-films,Movies & TV,101 Films,https://101-films.com
123inkjets,Printer & Ink,123inkjets,https://www.123inkjets.com
12x12-cardstock-shop,Specialty Paper & Cards,12x12 Cardstock Shop,https://www.12x12cardstock.shop
18-east,Outdoor Apparel,18 East,https://18east.co
4ad,Record Label with Shop,4AD,https://www.4ad.com
8bitdo,Controllers,8BitDo,https://www.8bitdo.com
a24-shop,Movies & TV,A24 Shop,https://shop.a24films.com
aarke,Kitchen Tools,Aarke,https://www.aarke.com
aarke-water-fi-2,Water Filtration/Dispensers,Aarke,https://www.aarke.com
abbio,Cookware,Abbio,https://abbiokitchen.com
abby-and-finn,Baby Care,Abby & Finn,https://abbyandfinn.com
abcam,Chemistry & Biology Supplies,Abcam,https://www.abcam.com
ac-direct,Cleanroom & HVAC Industrial,AC Direct,https://www.acdirect.com
accu-scope,Microscopy & Optics,Accu-Scope,https://www.accu-scope.com
acoustic-sounds,Audiophile/Hi-Res Label,Acoustic Sounds,https://acousticsounds.com
act-acre,Haircare,Act + Acre,https://actandacre.com
activist-skincare,Skincare,Activist Skincare,https://activistskincare.com
aemc-instruments,Measurement & Test Instruments,AEMC Instruments,https://www.aemc.com
aer,Cell Phones & Accessories,Aer,https://www.aersf.com
aer-laptop-b-2,Laptop Bags,Aer,https://www.aersf.com
aera,Candles & Scent,Aera,https://www.aeraforhome.com
aerogarden,Urban gardening,AeroGarden,https://www.aerogarden.com
aesop,Bath,Aesop,https://www.aesop.com
ag1,Vitamins & Supplements,AG1,https://ag1.com
aga,Ranges/Cooktops/Ovens,AGA,https://www.aga-ranges.com
agendio,Planners,Agendio,https://agendio.com
agfa-american-genre-film-archive,Movies & TV,AGFA (American Genre Film Archive),https://www.americangenrefilm.com
aimcontrollers,Controllers,AimControllers,https://aimcontrollers.com
akko,Keyboards,Akko,https://en.akkogear.com
alen,Air Purifiers,Alen,https://www.alen.com
alfa-forni,Pizza ovens,Alfa Forni,https://www.alfaforni.com
alibris,Used/Rare Bookseller,Alibris,https://www.alibris.com
alice-ever-after-books,Independent Bookstore,"Alice, Ever After Books",https://www.aliceeverafterbooks.com
alienware,Laptops,Alienware,https://www.alienware.com
all-the-anime,Movies & TV,All the Anime,https://www.alltheanime.com
all-clad,Small Kitchen Appliances,All-Clad,https://www.all-clad.com
allen-and-heath,DJ Gear,Allen & Heath,https://www.allen-heath.com
allied-cycle-works,Cycling,Allied Cycle Works,https://alliedcycleworks.com
alo-yoga,Yoga,Alo Yoga,https://www.aloyoga.com
alpine-home-air,Cleanroom & HVAC Industrial,Alpine Home Air,https://www.alpinehomeair.com
alto,Cell Phones & Accessories,Alto,https://www.viaalto.com
amiami,Import Shop,AmiAmi,https://www.amiami.com
amiami-movies-a-2,Movies & TV,AmiAmi,https://www.amiami.com
amigo-games,Card Games,Amigo Games,https://amigo.games
amika,Haircare,Amika,https://loveamika.com
amoeba-music,Movies & TV,Amoeba Music,https://www.amoeba.com
amvr,VR Hardware,AMVR,https://amvrshop.com
anamese,Planters/Pots,Anamese,https://www.anamese.com
andaseat,Gaming Chairs,AndaSeat,https://www.andaseat.com
anime-corner-store,Movies & TV,Anime Corner Store,https://www.animecornerstore.com
aniplex-usa,Movies & TV,Aniplex+ USA,https://p-bandai.com/us/search?sort=relevance&text=aniplex
anker,Cell Phones & Accessories,Anker,https://www.anker.com
anker-docking--2,Docking stations/hubs,Anker,https://www.anker.com
annabelle-s-book-club-la,Independent Bookstore,Annabelle's Book Club LA,https://www.annabellesbookclubla.com
anne-pro,Keyboards,Anne Pro,https://www.obins.net
anova-culinary,Smart Home & Appliances,Anova Culinary,https://anovaculinary.com
anycubic,3D Printers & Additive Manufacturing,Anycubic,https://www.anycubic.com
aoc,Monitors,AOC,https://www.aoc.com
apex,Fitness & Gym,Apex,https://apexride.com
apostrophe-puzzles,Puzzles,Apostrophe Puzzles,https://www.apostrophepuzzles.com
applied-industrial-technologies,MRO Supplies,Applied Industrial Technologies,https://www.applied.com
appointed,Stationery & Paper,Appointed,https://appointed.co
arbelos-films,Movies & TV,Arbelos Films,https://arbelosfilms.com
arcade1up,Arcade Maker,Arcade1Up,https://www.arcade1up.com
arctic,Cooling/PC Parts,Arctic,https://www.arctic.de
arctic-spas,Pools/hot tubs/swim spas,Arctic Spas,https://www.arcticspas.com
areaware,Puzzles,Areaware,https://www.areaware.com
arena,Fitness & Gym,Arena,https://arena.fit
armada-skis,Winter Sports,Armada Skis,https://www.armadaskis.com
arrae,OTC/Wellness,Arrae,https://arrae.com
arrow-films,Movies & TV,Arrow Films,https://www.arrowfilms.com
art-and-fable-puzzle-company,Puzzles,Art & Fable Puzzle Company,https://www.artandfablepuzzles.com
article,Outdoor furniture,Article,https://www.article.com
artifact-uprising,Stationery & Paper,Artifact Uprising,https://www.artifactuprising.com
artisul,Graphics Tablets,Artisul,https://www.artisul.com
asko,Washers/Dryers,Asko,https://www.asko.com/us
asmodee,Board Games,Asmodee,https://www.asmodee.com
asus,Laptops,Asus,https://www.asus.com
atdec,Monitor Arms & Stands,Atdec,https://atdec.com
athletic-greens-ag1,Wellness,Athletic Greens (AG1),https://drinkag1.com
attic-books,Independent Bookstore,Attic Books,https://www.atticbooks.ca
attn-grace,Elderly Care,Attn: Grace,https://attngrace.com
audiobooks-com,Audiobook DTC,Audiobooks.com,https://www.audiobooks.com
aukey,Cell Phones & Accessories,Aukey,https://www.aukey.com
aura-hair-care,Haircare,AURA Hair Care,https://www.aurahaircare.com
aurora,Plush,Aurora,https://auroragift.com
aurora-corp,Shredders & Calculators,Aurora Corp,https://www.auroracorp.com
authentic-provence,Garden decor,Authentic Provence,https://www.authenticprovence.com
automationdirect,Industrial Automation & PLC,AutomationDirect,https://www.automationdirect.com
autonomous,Gaming Desks,Autonomous,https://www.autonomous.ai
autonomous-ai,Desks,Autonomous.ai,https://www.autonomous.ai
autonomous-ai-chairs,Office Chairs,Autonomous.ai (Chairs),https://www.autonomous.ai/office-chairs
avanti,Dishwashers,Avanti,https://www.avantiproducts.com
avermedia,Webcams,AverMedia,https://www.avermedia.com
avery,Labels & Markers & Highlighters,Avery,https://www.avery.com
ayuna,Skincare,Ayuna,https://ayuna.co
b-yoga,Yoga,B Yoga,https://byoganow.com
b-and-k-precision,Measurement & Test Instruments,B&K Precision,https://www.bkprecision.com
b4adventure,Outdoor,B4Adventure,https://b4adventure.com
baby-brezza,Gear/Playmats,Baby Brezza,https://babybrezza.com
baby-einstein,Baby/Infant,Baby Einstein,https://www.babyeinstein.com
bach-brass,Wind Instruments,Bach Brass,https://www.bachbrass.com
back-to-the-roots,Urban gardening,Back to the Roots,https://backtotheroots.com
baden-sports,Team Sports,Baden Sports,https://badensports.com
baker-creek-heirloom-seeds,Seeds/plants nurseries,Baker Creek Heirloom Seeds,https://www.rareseeds.com
bala,Fitness & Gym,Bala,https://shopbala.com
balmuda,Smart Home & Appliances,Balmuda,https://us.balmuda.com
balmuda-microwav-2,Microwaves/Toaster Ovens,Balmuda,https://us.balmuda.com
balolo,Cell Phones & Accessories,Balolo,https://www.balolo.de
bambo-nature,Baby Care,Bambo Nature,https://bambonatureusa.com
bambu-lab,3D Printers & Additive Manufacturing,Bambu Lab,https://www.bambulab.com
bananagrams,Card Games,Bananagrams,https://bananagrams.com
bandai-namco-store,AAA Publisher Store,Bandai Namco Store,https://store.bandainamcoent.com
bannor-toys,Baby Toys,Bannor Toys,https://bannortoys.com
banquet-records,Independent Record Store - UK/EU,Banquet Records,https://www.banquetrecords.com
barebones-living,Garden tools,Barebones Living,https://barebonesliving.com
barefaced,Skincare,Barefaced,https://www.barefaced.com
barefoot-books,Children's Bookstore,Barefoot Books,https://www.barefootbooks.com
barefoot-sound,Studio Monitors,Barefoot Sound,https://www.barefootsound.com
barlow-tyrie,Patio dining,Barlow Tyrie,https://www.teak.com
baronfig,Notebooks & Journals,Baronfig,https://baronfig.com
baseus,Cell Phones & Accessories,Baseus,https://www.baseus.com
baseus-docking--2,Docking stations/hubs,Baseus,https://www.baseus.com
battle-beaver-customs,Controllers,Battle Beaver Customs,https://battlebeavercustoms.com
bauman-rare-books,Used/Rare Bookseller,Bauman Rare Books,https://www.baumanrarebooks.com
bdi-usa,Office Storage & Filing,BDI USA,https://www.bdiusa.com
be-quiet,Cooling/PC Parts,Be Quiet!,https://www.bequiet.com
beached,Haircare,Beached,https://beached.shop
beacon-hill-books,Independent Bookstore,Beacon Hill Books,https://www.beaconhillbooks.com
beard-and-blade,Men's Grooming,Beard & Blade,https://www.beardandblade.com.au
beardbrand,Haircare,Beardbrand,https://www.beardbrand.com
beardbrand-men-s-gr-2,Men's Grooming,Beardbrand,https://www.beardbrand.com
beast-health,Kitchen Tools,Beast Health,https://thebeast.com
beast-health-small-ki-2,Small Kitchen Appliances,Beast Health,https://thebeast.com
beauty-of-joseon,Skincare,Beauty of Joseon,https://beautyofjoseon.com
because,Elderly Care,Because,https://becausemarket.com
beekeeper-s-naturals,OTC/Wellness,Beekeeper's Naturals,https://beekeepersnaturals.com
beginagain,Wooden,BeginAgain,https://beginagaintoys.com
being-frenshe,Bath/Shower,Being Frenshe,https://www.beingfrenshe.com
believe-diapers,Baby Care,Believe Diapers,https://believediapers.com
belkin,Docking stations/hubs,Belkin,https://www.belkin.com
bellroy,Laptop Bags,Bellroy,https://bellroy.com
bellroy-work,Desk Accessories & Organizers,Bellroy (Work),https://bellroy.com/products/category/accessories
bellzi,Plush,Bellzi,https://bellzi.com
benchmark-scientific,Lab Equipment & Supplies,Benchmark Scientific,https://www.benchmarkscientific.com
benq,Monitors,BenQ,https://www.benq.com
bernell-hydraulics,Hydraulics & Pneumatics,Bernell Hydraulics,https://www.bernellhydraulics.com
bethesda-gear,AAA Publisher Store,Bethesda Gear,https://gear.bethesda.net
better-life,Cleaning Supplies,Better Life,https://cleanhappens.com
better-world-books,Used/Rare Bookseller,Better World Books,https://www.betterworldbooks.com
betterway,Paper Goods,Betterway,https://betterwaypaper.com
bevel,Men's Grooming,Bevel,https://getbevel.com
bezier-games,Board Games,Bezier Games,https://beziergames.com
bfi-shop,Movies & TV,BFI Shop,https://shop.bfi.org.uk
biblio,Used/Rare Bookseller,Biblio,https://www.biblio.com
big-agnes,Camping & Hiking Gear,Big Agnes,https://www.bigagnes.com
big-green-egg,Grills/BBQ,Big Green Egg,https://www.biggreenegg.com
bigjigs-toys,Wooden,Bigjigs Toys,https://www.bigjigstoys.com
bigscreen-beyond,VR Hardware,Bigscreen Beyond,https://www.bigscreenvr.com
billie,Body Care,Billie,https://mybillie.com
bio-kleen,Cleaning Supplies,Bio-Kleen,https://biokleenhome.com
bio-rad-laboratories,Lab Equipment & Supplies,Bio-Rad Laboratories,https://www.bio-rad.com
bio-techne,Chemistry & Biology Supplies,Bio-Techne,https://www.bio-techne.com
biolite,Camping & Hiking Gear,BioLite,https://www.bioliteenergy.com
biolite-cell-pho-2,Cell Phones & Accessories,BioLite,https://www.bioliteenergy.com
bippy,Body Care,Bippy,https://heybippy.com
birmingham-pen-co,Pens & Writing,Birmingham Pen Co.,https://www.birminghampens.com
bisley,Office Storage & Filing,Bisley,https://www.bisley.com
bissell,Vacuums,Bissell,https://www.bissell.com
bite,Oral Care,Bite,https://bitestep.com
black-crows,Winter Sports,Black Crows,https://www.blackcrows.com
blackstone,Grills/BBQ,Blackstone,https://www.blackstoneproducts.com
blackwing,Pens & Writing,Blackwing,https://blackwing602.com
blendtec,Small Kitchen Appliances,Blendtec,https://www.blendtec.com
blizzard-gear,AAA Publisher Store,Blizzard Gear,https://gear.blizzard.com
blomberg,Washers/Dryers,Blomberg,https://www.blombergappliances.com
bloom-nutrition,Vitamins & Supplements,Bloom Nutrition,https://bloomnu.com
bloomscape,Seeds/plants nurseries,Bloomscape,https://bloomscape.com
blu-atlas,Men's Health,Blu Atlas,https://bluatlas.com
blue-kazoo,Puzzles,Blue Kazoo,https://bluekazoo.com
blue-note-shop,Record Label with Shop,Blue Note Shop,https://www.bluenote.com
blue-orange-games,Board Games,Blue Orange Games,https://www.blueorangegames.com
blue-underground,Movies & TV,Blue Underground,https://blue-underground.com
blueair,Air Purifiers,Blueair,https://www.blueair.com
blueland,Bath,Blueland,https://www.blueland.com
blueland-cleaning-2,Cleaning Supplies,Blueland,https://blueland.com
blueridge,HVAC/Portable AC/Heaters,BlueRidge,https://www.blueridgeair.com
bluestar,Ranges/Cooktops/Ovens,BlueStar,https://www.bluestarcooking.com
bluestockings,Specialty Bookstore,Bluestockings,https://www.bluestockings.com
bodyguardz,Cell Phones & Accessories,BodyGuardz,https://www.bodyguardz.com
boiron,OTC/Wellness,Boiron,https://boironusa.com
boka,Oral Care,Boka,https://www.boka.com
boll-and-branch,Bedding,Boll & Branch,https://www.bollandbranch.com
boltsandnuts-com,Industrial Fasteners,BoltsandNuts.com,https://www.boltsandnuts.com
bond-manufacturing,Fire pits/outdoor heaters,Bond Manufacturing,https://www.bondmfg.com
book-of-the-month,Book Subscription Box,Book of the Month,https://www.bookofthemonth.com
bookoff-usa,Movies & TV,BookOff USA,https://www.bookoffusa.com
books-are-magic,Independent Bookstore,Books Are Magic,https://www.booksaremagic.net
books-of-wonder,Children's Bookstore,Books of Wonder,https://booksofwonder.com
boomkat,Independent Record Store - UK/EU,Boomkat,https://www.boomkat.com
boon,Baby/Infant,Boon,https://www.booninc.com
bosch,Refrigerators,Bosch,https://www.bosch-home.com/us
boss-fight-studio,Action Figures,Boss Fight Studio,https://bossfightstudio.com
boulies,Gaming Chairs,Boulies,https://www.boulies.com
branch-basics,Cleaning Supplies,Branch Basics,https://branchbasics.com
branch-furniture,Desks,Branch Furniture,https://www.branchfurniture.com
branch-furniture-chairs,Office Chairs,Branch Furniture (Chairs),https://www.branchfurniture.com/collections/office-chairs
breeo,Grills/BBQ,Breeo,https://breeo.co
breville,Smart Home & Appliances,Breville,https://www.breville.com
breville-microwav-2,Microwaves/Toaster Ovens,Breville,https://www.breville.com
bright-starts,Baby/Infant,Bright Starts,https://www.brightstarts.com
bright-stripes,Arts & Crafts,Bright Stripes,https://brightstripes.co
brine,Team Sports,Brine,https://www.brine.com
briogeo,Haircare,Briogeo,https://briogeohair.com
brita,Water Filtration/Dispensers,Brita,https://www.brita.com
bromic-heating,Fire pits/outdoor heaters,Bromic Heating,https://www.bromic.com
brooklinen,Bedding,Brooklinen,https://www.brooklinen.com
brooks,Running,Brooks,https://www.brooksrunning.com
brown-jordan,Outdoor furniture,Brown Jordan,https://www.brownjordan.com
bubble,Skincare,Bubble,https://hellobubble.com
buffet-crampon,Wind Instruments,Buffet Crampon,https://www.buffet-crampon.com
buffy,Bedding,Buffy,https://buffy.co
bull-moose,Movies & TV,Bull Moose,https://www.bullmoose.com
bull-moose-independ-2,Independent Record Store - US,Bull Moose,https://www.bullmoose.com
bullard,Industrial Safety & PPE,Bullard,https://www.bullard.com
bullstrap,Cell Phones & Accessories,Bullstrap,https://www.bullstrap.com
burga,Cell Phones & Accessories,Burga,https://www.burga.com
burgon-and-ball,Garden tools,Burgon & Ball,https://www.burgonandball.com
burn-shop,Grills/BBQ,Burn Shop,https://theburnshopwf.com
burpee,Seeds/plants nurseries,Burpee,https://www.burpee.com
burrow,Furniture,Burrow,https://burrow.com
burrow-outdoor--2,Outdoor furniture,Burrow,https://burrow.com
burst,Oral Care,Burst,https://burstoralcare.com
burst-oral-care,Oral Care,Burst Oral Care,https://www.burstoralcare.com
cabinet-health,OTC/Wellness,Cabinet Health,https://cabinethealth.com
cable-matters,Cables/Adapters,Cable Matters,https://www.cablematters.com
cablematters,Cell Phones & Accessories,CableMatters,https://www.cablematters.com
calcana,Fire pits/outdoor heaters,Calcana,https://www.calcana.com
caldigit,Cell Phones & Accessories,CalDigit,https://www.caldigit.com
caldigit-docking--2,Docking stations/hubs,CalDigit,https://www.caldigit.com
california-baby,Baby Care,California Baby,https://californiababy.com
camp-chef,Grills/BBQ,Camp Chef,https://www.campchef.com
campania-international,Planters/Pots,Campania International,https://www.campaniainternational.com
cangshan,Kitchen Tools,Cangshan,https://cangshancutlery.com
cannonkeys,Keyboards,CannonKeys,https://cannonkeys.com
canopy,Bath/Shower,Canopy,https://getcanopy.co
canyon,Cycling,Canyon,https://www.canyon.com
caraway,Cookware,Caraway,https://www.carawayhome.com
carbide-3d,CNC / Laser Cutters / Fabrication,Carbide 3D,https://www.carbide3d.com
card-kingdom,Trading Cards,Card Kingdom,https://www.cardkingdom.com
cards-against-humanity,Card Games,Cards Against Humanity,https://www.cardsagainsthumanity.com
cardstock-warehouse,Specialty Paper & Cards,Cardstock Warehouse,https://www.cardstockwarehouse.com
care-of,Vitamins & Supplements,Care/of,https://takecareof.com
carewell,Elderly Care,Carewell,https://carewell.com
carlotta-films,Movies & TV,Carlotta Films,https://laboutique.carlottafilms.com
carolina-biological-supply,Lab Equipment & Supplies,Carolina Biological Supply,https://www.carolina.com
carved,Cell Phones & Accessories,Carved,https://www.carved.com
case-mate,Cell Phones & Accessories,Case-Mate,https://www.case-mate.com
casetify,Cell Phones & Accessories,CASETiFY,https://www.casetify.com
casper,Bedding,Casper,https://casper.com
castle-ink,Printer & Ink,Castle Ink,https://www.castleink.com
caudabe,Cell Phones & Accessories,Caudabe,https://www.caudabe.com
cauldron-films,Movies & TV,Cauldron Films,https://www.cauldron-films.com
cayl,Outdoor Apparel,Cayl,https://www.cayl.co.kr
cdjapan,Import Shop,CDJapan,https://www.cdjapan.co.jp
cdjapan-movies-a-2,Movies & TV,CDJapan,https://www.cdjapan.co.jp
century-media,Record Label with Shop,Century Media,https://www.centurymedia.store
cephalofair-games,Board Games,Cephalofair Games,https://cephalofair.com
cge-czech-games-edition,Board Games,CGE (Czech Games Edition),https://czechgames.com
champion-tool-storage,Workbench & Tool Storage,Champion Tool Storage,https://www.championbuilt.com
chaosium,Tabletop RPG,Chaosium,https://www.chaosium.com
chesky-records,Audiophile/Hi-Res Label,Chesky Records,https://www.chesky.com
chicago-brick-oven,Pizza ovens,Chicago Brick Oven,https://chicagobrickoven.com
chilewich,Outdoor rugs/textiles,Chilewich,https://www.chilewich.com
chirp,Audiobook DTC,Chirp,https://www.chirpbooks.com
ciele-athletics,Running,Ciele Athletics,https://cieleathletics.com
citizen-vinyl,Vinyl Pressing Plant,Citizen Vinyl,https://www.citizenvinyl.com
city-lights,Independent Bookstore,City Lights,https://www.citylights.com
clairefontaine,Notebooks & Journals,Clairefontaine,https://www.clairefontaine.com
classic-game-source,Retro Game Retailer,Classic Game Source,https://classicgamesource.com
clean-cult,Cleaning Supplies,Clean Cult,https://cleancult.com
click-and-grow,Urban gardening,Click and Grow,https://www.clickandgrow.com
clmbr,Fitness & Gym,Clmbr,https://clmbr.com
cloud-paper,Paper Goods,Cloud Paper,https://cloudpaper.co
cloudberries,Puzzles,Cloudberries,https://www.cloudberries.co.uk
clx-gaming,Desktops/PCs/Builders,CLX Gaming,https://www.clxgaming.com
cmon,Board Games,CMON,https://cmon.com
cocokind,Skincare,Cocokind,https://www.cocokind.com
code-and-quill,Notebooks & Journals,Code&Quill,https://www.codeandquill.com
coffee-house-press,Small Press Publisher,Coffee House Press,https://www.coffeehousepress.org
collector-s-cache,Trading Cards,Collector's Cache,https://www.collectorscache.com
collectors-anime,Movies & TV,Collectors Anime,https://www.collectorsanime.com
colored-organics,Baby Clothing,Colored Organics,https://coloredorganics.com
columbia-university-press,Academic/University Press,Columbia University Press,https://cup.columbia.edu
commencal,Cycling,Commencal,https://www.commencal.com
coolstuffinc,Trading Cards,CoolStuffInc,https://www.coolstuffinc.com
copper-canyon-press,Small Press Publisher,Copper Canyon Press,https://www.coppercanyonpress.org
cora,Feminine Care,Cora,https://cora.life
cordoba-music,Ukuleles,Cordoba Music,https://www.cordobaguitars.com
core-meditation,Fitness & Gym,Core Meditation,https://www.hellocore.com
corkcicle,Outdoor Accessories,Corkcicle,https://corkcicle.com
coterie,Baby Care,Coterie,https://coterie.com
cotopaxi,Outdoor Apparel,Cotopaxi,https://www.cotopaxi.com
counter-print,Zine/Art Book Publisher,Counter-Print,https://www.counter-print.co.uk
courant,Cell Phones & Accessories,Courant,https://www.staycourant.com
courant-desk-acc-2,Desk Accessories & Organizers,Courant,https://staycourant.com
cove,Dishwashers,Cove,https://www.subzero-wolf.com/cove
coway,Air Purifiers,Coway,https://cowaymega.com
cowboy,Cycling,Cowboy,https://cowboy.com
coyuchi,Bath,Coyuchi,https://www.coyuchi.com
cozy-earth,Bedding,Cozy Earth,https://cozyearth.com
crane-and-co,Stationery & Paper,Crane & Co.,https://www.crane.com
crave-direct,Cell Phones & Accessories,Crave Direct,https://www.cravedirect.com
crayola,Arts & Crafts,Crayola,https://www.crayola.com
creality,3D Printers & Additive Manufacturing,Creality,https://www.creality.com
creativity-for-kids,Arts & Crafts,Creativity for Kids,https://www.fabercastell.com/pages/creativity-for-kids
crescent-garden,Planters/Pots,Crescent Garden,https://www.crescentgarden.com
crucial,Storage/SSDs,Crucial,https://www.crucial.com
crunchlabs,STEM,CrunchLabs,https://www.crunchlabs.com
crunchyroll-store,Movies & TV,Crunchyroll Store,https://store.crunchyroll.com
cuisinart,Microwaves/Toaster Ovens,Cuisinart,https://www.cuisinart.com
cult-epics,Movies & TV,Cult Epics,https://www.cultepics.com
currentbody,Tools/Devices,CurrentBody,https://www.currentbody.com
cyberpowerpc,Desktops/PCs/Builders,CyberPowerPC,https://www.cyberpowerpc.com
d-addario,Accessories,D'Addario,https://www.daddario.com
dacor,Ranges/Cooktops/Ovens,Dacor,https://www.dacor.com
danby,Dishwashers,Danby,https://www.danby.com
dark-delicacies,Specialty Bookstore,Dark Delicacies,https://www.darkdel.com
dark-horse-direct,Collectibles,Dark Horse Direct,https://www.darkhorsedirect.com
darrington-press,Tabletop RPG,Darrington Press,https://darringtonpress.com
dash-and-albert,Outdoor rugs/textiles,Dash & Albert,https://annieselke.com
davids,Oral Care,Davids,https://davids-usa.com
davies-office,Office Storage & Filing,Davies Office,https://www.daviesoffice.com
day-designer,Planners,Day Designer,https://daydesigner.com
dbrand,Cell Phones & Accessories,dbrand,https://www.dbrand.com
dcbs,Comic Book Store,DCBS,https://www.dcbservice.com
deaf-crocodile,Movies & TV,Deaf Crocodile,https://www.deafcrocodile.com
deathwish-inc,Record Label with Shop,Deathwish Inc,https://www.deathwishinc.com
decent-espresso,Espresso Machines,Decent Espresso,https://decentespresso.com
dedcool,Fragrance,DedCool,https://dedcool.com
dedon,Outdoor furniture,Dedon,https://www.dedon.de
dekor-lighting,Outdoor lighting,Dekor Lighting,https://www.dekorlighting.com
dell,Laptops,Dell,https://www.dell.com
delta-kayaks,Watersports,Delta Kayaks,https://www.deltakayaks.com
denon-dj,DJ Gear,Denon DJ,https://www.denondj.com
design-toscano,Garden decor,Design Toscano,https://www.designtoscano.com
devolver-digital-store,Indie Studio Merch,Devolver Digital Store,https://merch.devolverdigital.com
diabolikdvd,Movies & TV,DiabolikDVD,https://diabolikdvd.com
diaper-dabbler,Baby Care,Diaper Dabbler,https://diaperdabbler.com
dieux,Skincare,Dieux,https://www.dieuxskin.com
digital-storm,Desktops/PCs/Builders,Digital Storm,https://www.digitalstorm.com
dimplex,Fire pits/outdoor heaters,Dimplex,https://www.glendimplexamericas.com
dingbats,Notebooks & Journals,Dingbats*,https://www.dingbats-notebooks.com
dino-lite,Microscopy & Optics,Dino-Lite,https://www.dinolite.us
diptyque,Candles & Scent,Diptyque,https://www.diptyqueparis.com
dirt-devil,Vacuums,Dirt Devil,https://www.dirtdevil.com
dirty-labs,Laundry Products,Dirty Labs,https://dirtylabs.com
discotek-media,Movies & TV,Discotek Media,https://discotekmedia.com
district-vision,Running,District Vision,https://www.districtvision.com
dkoldies,Retro Game Retailer,DKOldies,https://www.dkoldies.com
dollar-shave-club,Men's Grooming,Dollar Shave Club,https://www.dollarshaveclub.com
domino-mart,Record Label with Shop,Domino Mart,https://www.dominomart.com
doorstepink,Printer & Ink,DoorStepInk,https://doorstepink.com
dope-snow,Winter Sports,Dope Snow,https://www.dopesnow.com
dossier,Fragrance,Dossier,https://dossier.co
dough,Monitors,Dough,https://www.dough.tech
douglas,Plush,Douglas,https://douglastoys.com
downpour,Audiobook DTC,Downpour,https://www.downpour.com
dr-strings,Accessories,DR Strings,https://www.drstrings.com
dr-dennis-gross,Skincare,Dr. Dennis Gross,https://drdennisgross.com
dr-dennis-gross-spectralite,Tools/Devices,Dr. Dennis Gross (Spectralite),https://drdennisgross.com
dr-strange-records,Niche Genre Store,Dr. Strange Records,https://www.drstrange.com
dreame,Robotic Cleaners,Dreame,https://www.dreametech.com
dreamfarm,Kitchen Tools,Dreamfarm,https://dreamfarm.com
drift-records,Independent Record Store - UK/EU,Drift Records,https://www.driftrecords.com
drop,Keyboards,Drop,https://drop.com
dropps,Laundry Products,Dropps,https://dropps.com
drunk-elephant,Skincare,Drunk Elephant,https://www.drunkelephant.com
drunkdeer,Keyboards,DrunkDeer,https://drunkdeer.com
dsptch,Cell Phones & Accessories,DSPTCH,https://www.dsptch.com
dubray-books,Independent Bookstore,Dubray Books,https://www.dubraybooks.ie
duck-camp,Hunting & Fishing,Duck Camp,https://duckcamp.com
ducky,Keyboards,Ducky,https://www.duckychannel.com.tw
dungeons-and-dragons,Tabletop RPG,Dungeons & Dragons,https://dnd.wizards.com
dunlop,Accessories,Dunlop,https://www.jimdunlop.com
durston-gear,Camping & Hiking Gear,Durston Gear,https://durstongear.com
dusty-groove,Movies & TV,Dusty Groove,https://www.dustygroove.com
dusty-groove-independ-2,Independent Record Store - US,Dusty Groove,https://www.dustygroove.com
dvd-empire,Movies & TV,DVD Empire,https://www.dvdempire.com
dxracer,Gaming Chairs,DXRacer,https://www.dxracer.com
dyper,Baby Care,Dyper,https://dyper.com
dyson,Vacuums,Dyson,https://www.dyson.com
earth-breeze,Laundry Products,Earth Breeze,https://earthbreeze.com
earth-mama,Baby Care,Earth Mama,https://earthmamaorganics.com
earthstudies,Outdoor Apparel,EarthStudies,https://earth-studies.com
east-fork,Dinnerware,East Fork,https://eastfork.com
eastman-strings,Orchestral,Eastman Strings,https://www.eastmanstrings.com
easy-street-records,Movies & TV,Easy Street Records,https://easystreetonline.com
easy-street-records-independ-2,Independent Record Store - US,Easy Street Records,https://easystreetonline.com
ecm,Espresso Machines,ECM,https://www.ecm.de/en
ecm-records,Record Label with Shop,ECM Records,https://www.ecmrecords.com
eco-by-naty,Baby Care,Eco by Naty,https://naty.com
ecoenclose,Packaging & Shipping Supplies,EcoEnclose,https://www.ecoenclose.com
ecoriginals,Baby Care,Ecoriginals,https://ecoriginals.com.au
ecos,Cleaning Supplies,Ecos,https://ecos.com
ecovacs,Robotic Cleaners,Ecovacs,https://www.ecovacs.com
eden-brothers,Seeds/plants nurseries,Eden Brothers,https://www.edenbrothers.com
edison-pen-co,Pens & Writing,Edison Pen Co.,https://edisonpen.com
edmund-optics,Microscopy & Optics,Edmund Optics,https://www.edmundoptics.com
educational-insights,Educational,Educational Insights,https://www.educationalinsights.com
eero,Networking,Eero,https://eero.com
egg-press,Stationery & Paper,Egg Press,https://eggpress.com
eggtronic,Cell Phones & Accessories,Eggtronic,https://www.eggtronic.com
ego-power-plus,Lawn care equipment/mowers,Ego Power Plus,https://egopowerplus.com
einova,Cell Phones & Accessories,Einova,https://www.einova.com
electric-and-rose,Yoga,Electric & Rose,https://www.electricandrose.com
electric-fetus-independ-2,Independent Record Store - US,Electric Fetus,https://www.electricfetus.com
electrolux,Washers/Dryers,Electrolux,https://www.electrolux.com
elegoo,3D Printers & Additive Manufacturing,Elegoo,https://www.elegoo.com
element-case,Cell Phones & Accessories,Element Case,https://www.elementcase.com
elenco,STEM,Elenco,https://www.elenco.com
elfa,Organization,Elfa,https://www.elfa.com
elgato,Webcams,Elgato,https://www.elgato.com
elixir-strings,Accessories,Elixir Strings,https://www.elixirstrings.com
elusive-disc,Audiophile/Hi-Res Label,Elusive Disc,https://www.elusivedisc.com
emeril-lagasse,Small Kitchen Appliances,Emeril Lagasse,https://www.emerileveryday.com
end-of-an-ear,Independent Record Store - US,End of an Ear,https://www.endofanear.com
endgame-gear,Mice,Endgame Gear,https://www.endgamegear.com
enlightened-equipment,Camping & Hiking Gear,Enlightened Equipment,https://enlightenedequipment.com
enviro-safety-products,Industrial Safety & PPE,Enviro Safety Products,https://www.envirosafetyproducts.com
epilog-laser,CNC / Laser Cutters / Fabrication,Epilog Laser,https://www.epiloglaser.com
epomaker,Keyboards,Epomaker,https://epomaker.com
eppendorf,Lab Equipment & Supplies,Eppendorf,https://www.eppendorf.com
ergatta,Fitness & Gym,Ergatta,https://ergatta.com
ergo-direct,Monitor Arms & Stands,Ergo Direct,https://www.ergodirect.com
ergohuman,Office Chairs,Ergohuman,https://ergohuman.com
erin-condren,Planners,Erin Condren,https://www.erincondren.com
ernesta,Outdoor rugs/textiles,Ernesta,https://ernesta.com
ernie-ball,Accessories,Ernie Ball,https://www.ernieball.com
esker-beauty,Body Care,Esker Beauty,https://eskerbeauty.com
estarland,Retro Game Retailer,eStarland,https://www.estarland.com
ettitude,Bedding,Ettitude,https://www.ettitude.com
euclid-records,Independent Record Store - US,Euclid Records,https://www.euclidrecords.com
eufy,Robotic Cleaners,Eufy,https://www.eufy.com
eureka,Vacuums,Eureka,https://www.eureka.com
eureka-entertainment,Movies & TV,Eureka Entertainment,https://eurekavideo.co.uk
eureka-ergonomic,Gaming Desks,Eureka Ergonomic,https://eurekaergonomic.com
europa-editions,Small Press Publisher,Europa Editions,https://www.europaeditions.com
evereden,Baby Care,Evereden,https://evereden.com
everyday-music,Independent Record Store - US,Everyday Music,https://www.everydaymusic.com
evil-bikes,Cycling,Evil Bikes,https://www.evil-bikes.com
evolv,Climbing,Evolv,https://www.evolvsports.com
exploding-kittens,Card Games,Exploding Kittens,https://www.explodingkittens.com
extech-instruments,Measurement & Test Instruments,Extech Instruments,https://www.extech.com
ezpz,Baby/Infant,ezpz,https://ezpzfun.com
ezpz-feeding-2,Feeding,Ezpz,https://ezpzfun.com
faber-castell,Arts & Crafts,Faber-Castell,https://www.fabercastell.com
fable,Dinnerware,Fable,https://fablehome.co
fairyloot,Book Subscription Box,FairyLoot,https://fairyloot.com
fairytales-bookstore,Children's Bookstore,Fairytales Bookstore,https://fairytalesnashville.com
falcon-northwest,Desktops/PCs/Builders,Falcon Northwest,https://www.falcon-nw.com
fangamer,Indie Studio Merch,Fangamer,https://www.fangamer.com
far-bank,Hunting & Fishing,Far Bank,https://farbank.com
farberware,Dishwashers,Farberware,https://www.farberwareappliances.com
fastenal,MRO Supplies,Fastenal,https://www.fastenal.com
fastener-superstore,Industrial Fasteners,Fastener SuperStore,https://www.fastenersuperstore.com
fasteners-direct,Industrial Fasteners,Fasteners Direct,https://www.fastenersdirect.com
fat-beats,Niche Genre Store,Fat Beats,https://www.fatbeats.com
fat-brain-toys,Educational,Fat Brain Toys,https://www.fatbraintoys.com
fatboy,Outdoor,Fatboy,https://www.fatboy.com
faulkner-house-books,Independent Bookstore,Faulkner House Books,https://www.faulknerhousebooks.com
felco,Garden tools,Felco,https://www.felco.com
fellow,Kitchen Tools,Fellow,https://fellowproducts.com
fellowes,Shredders & Calculators,Fellowes,https://www.fellowes.com
fenty-beauty,Makeup,Fenty Beauty,https://www.fentybeauty.com
ffern,Fragrance,Ffern,https://ffern.co
fiddlershop,Orchestral,Fiddlershop,https://www.fiddlershop.com
field-company,Cookware,Field Company,https://fieldcompany.com
field-notes,Notebooks & Journals,Field Notes,https://fieldnotesbrand.com
filco,Keyboards,Filco,https://www.diatec.co.jp
film-movement,Movies & TV,Film Movement,https://www.filmmovement.com
finalmouse,Mice,Finalmouse,https://finalmouse.com
finex,Cookware,Finex,https://finexusa.com
fingerprints-music,Independent Record Store - US,Fingerprints Music,https://www.fingerprintsmusic.com
fireball-printing,Printing services (DTC),Fireball Printing,https://fireballprinting.com
first-4-figures,Collectibles,First 4 Figures,https://www.first4figures.com
first-lite,Hunting & Fishing,First Lite,https://www.firstlite.com
fisher-and-paykel,Refrigerators,Fisher & Paykel,https://www.fisherpaykel.com
fisher-scientific,Lab Equipment & Supplies,Fisher Scientific,https://www.fishersci.com
fiskars,Garden tools,Fiskars,https://www.fiskars.com
five-ten,Climbing,Five Ten,https://www.adidas.com/us/fiveten
flamingo,Body Care,Flamingo,https://www.shopflamingo.com
flamingo-estate,Bath,Flamingo Estate,https://flamingoestate.com
flaus,Bath/Shower,Flaus,https://getflaus.com
flewd,Bath/Shower,Flewd,https://flewd.com
flexispot,Gaming Desks,FlexiSpot,https://www.flexispot.com
flicker-alley,Movies & TV,Flicker Alley,https://www.flickeralley.com
flir-systems-teledyne-flir,Measurement & Test Instruments,FLIR Systems (Teledyne FLIR),https://www.flir.com
floodgate-games,Board Games,Floodgate Games,https://floodgategames.com
floyd,Furniture,Floyd,https://floydhome.com
fluke-corporation,Measurement & Test Instruments,Fluke Corporation,https://www.fluke.com
flylow-gear,Winter Sports,Flylow Gear,https://flylowgear.com
focal,Studio Monitors,Focal,https://www.focal.com
fontana-forni,Pizza ovens,Fontana Forni,https://www.fontanaforni.com
foreo,Tools/Devices,Foreo,https://www.foreo.com
foria,Women's Health,Foria,https://foriawellness.com
formaspace,Workbench & Tool Storage,Formaspace,https://www.formaspace.com
formlabs,3D Printers & Additive Manufacturing,Formlabs,https://www.formlabs.com
forno-venetzia,Pizza ovens,Forno Venetzia,https://www.fornovenetzia.com
four-horsemen-studios,Action Figures,Four Horsemen Studios,https://sourcehorsemen.com
four-sigmatic,Vitamins & Supplements,Four Sigmatic,https://foursigmatic.com
fractal-design,Cooling/PC Parts,Fractal Design,https://www.fractal-design.com
frame-it-all,Greenhouses/raised beds,Frame It All,https://frameitall.com
framework,Laptops,Framework,https://framework.com
free-fly,Outdoor Apparel,Free Fly,https://www.freeflyapparel.com
free-league-publishing,Tabletop RPG,Free League Publishing,https://freeleaguepublishing.com
freestyle,Baby Care,Freestyle,https://freestyle.world
french-paper-co,Specialty Paper & Cards,French Paper Co.,https://www.frenchpaper.com
frey,Laundry Products,Frey,https://frey.com
frigidaire,Washers/Dryers,Frigidaire,https://www.frigidaire.com
fulgor-milano,Ranges/Cooktops/Ovens,Fulgor Milano,https://www.fulgor-milano.com/us/en
full-focus,Planners,Full Focus,https://fullfocus.co
full-moon-direct,Movies & TV,Full Moon Direct,https://www.fullmoondirect.com
fully-millerknoll,Desks,Fully (MillerKnoll),https://www.fully.com
function-of-beauty,Haircare,Function of Beauty,https://www.functionofbeauty.com
function101,Cell Phones & Accessories,Function101,https://www.function101.com
funko,Action Figures,Funko,https://funko.com
fur,Body Care,Fur,https://furyou.com
fuse-chicken,Cell Phones & Accessories,Fuse Chicken,https://www.fusechicken.com
fx-luminaire,Outdoor lighting,FX Luminaire,https://www.fxl.com
g-wolves,Mice,G-Wolves,https://www.g-wolves.com
gadget-guard,Cell Phones & Accessories,Gadget Guard,https://www.gadgetguard.com
gaggia,Espresso Machines,Gaggia,https://www.gaggia-usa.com
galco-industrial-electronics,Industrial Automation & PLC,Galco Industrial Electronics,https://www.galco.com
galen-leather,Notebooks & Journals,Galen Leather,https://www.galenleather.com
game-over-video-games,Retro Game Retailer,Game Over Video Games,https://gameovervideogames.com
gamewright,Board Games,Gamewright,https://gamewright.com
gaomon,Graphics Tablets,Gaomon,https://www.gaomon.net
garden-light-led,Outdoor lighting,Garden Light LED,https://gardenlightled.com
gardyn,Urban gardening,Gardyn,https://mygardyn.com
ge,Refrigerators,GE,https://www.geappliances.com
genelec,Studio Monitors,Genelec,https://www.genelec.com
generation-records,Independent Record Store - US,Generation Records,https://www.generationrecords.com
genesee-scientific,Lab Equipment & Supplies,Genesee Scientific,https://www.geneseesci.com
genexa,OTC/Wellness,Genexa,https://genexa.com
genki-buy,Import Shop,Genki Buy,https://www.genkibuy.com
genscript,Chemistry & Biology Supplies,GenScript,https://www.genscript.com
geologie,Men's Health,Geologie,https://geologie.com
get-on-down,Niche Genre Store,Get On Down,https://www.getondown.com
ghent,Whiteboards & Cork boards,Ghent,https://www.ghent.com
ghost-lifestyle,Vitamins & Supplements,Ghost Lifestyle,https://ghostlifestyle.com
ghostly-international,Record Label with Shop,Ghostly International,https://www.ghostly.com
ghs-strings,Accessories,GHS Strings,https://www.ghsstrings.com
gir,Kitchen Tools,GIR,https://getgir.com
gkids-shop,Movies & TV,Gkids Shop,https://store.gkids.com
global-industrial,MRO Supplies,Global Industrial,https://www.globalindustrial.com
glorious,Keyboards,Glorious,https://www.gloriousgaming.com
glossier,Skincare,Glossier,https://www.glossier.com
gloster,Outdoor furniture,Gloster,https://www.gloster.com
glow-recipe,Skincare,Glow Recipe,https://www.glowrecipe.com
glowforge,CNC / Laser Cutters / Fabrication,Glowforge,https://www.glowforge.com
gnome,Lawn care equipment/mowers,Gnome,https://trygnome.com
go-to-pac,Cleanroom & HVAC Industrial,Go-To-PAC,https://www.gotopac.com
goal-zero,Outdoor Accessories,Goal Zero,https://www.goalzero.com
goal-zero-cell-pho-2,Cell Phones & Accessories,Goal Zero,https://www.goalzero.com
gold-rush-vinyl,Vinyl Pressing Plant,Gold Rush Vinyl,https://www.goldrushvinyl.com
golden-coil,Planners,Golden Coil,https://www.goldencoil.com
goldieblox,STEM,GoldieBlox,https://goldieblox.com
goldilocks,Cookware,Goldilocks,https://cookwithgoldilocks.com
goliath-games,Board Games,Goliath Games,https://www.goliathgames.com
goner-records,Independent Record Store - US,Goner Records,https://goner-records.com
good-smile-company,Action Figures,Good Smile Company,https://www.goodsmileus.com
good-smile-company-collecti-2,Collectibles,Good Smile Company,https://www.goodsmile.info
gossamer-gear,Camping & Hiking Gear,Gossamer Gear,https://www.gossamergear.com
gothic-arch,Greenhouses/raised beds,Gothic Arch,https://www.gothicarchgreenhouses.com
gotprint,Printing services (DTC),GotPrint,https://www.gotprint.com
gotta-groove-records,Vinyl Pressing Plant,Gotta Groove Records,https://www.gottagrooverecords.com
goumi-kids,Baby Clothing,Goumi Kids,https://goumikids.com
gozney,Smart Home & Appliances,Gozney,https://www.gozney.com
gozney-pizza-ov-2,Pizza ovens,Gozney,https://www.gozney.com
grab-green,Laundry Products,Grab Green,https://grabgreenhome.com
grainger,MRO Supplies,Grainger,https://www.grainger.com
grasshopper-film,Movies & TV,Grasshopper Film,https://grasshopperfilm.com
graywolf-press,Small Press Publisher,Graywolf Press,https://www.graywolfpress.org
great-jones,Cookware,Great Jones,https://greatjonesgoods.com
greenhouse-megastore,Greenhouses/raised beds,Greenhouse Megastore,https://www.greenhousemegastore.com
greenwich-letterpress,Stationery & Paper,Greenwich Letterpress,https://greenwichletterpress.com
greenworks,Lawn care equipment/mowers,Greenworks,https://www.greenworkstools.com
grimey-s-new-and-loved-music,Movies & TV,Grimey's New & Loved Music,https://www.grimeys.com
grimey-s-new-and-pre-loved-music,Independent Record Store - US,Grimey's New & Pre-Loved Music,https://www.grimeys.com
grimm-s,Wooden,Grimm's,https://www.grimms.eu
grindhouse-releasing,Movies & TV,Grindhouse Releasing,https://grindhousereleasing.com
grindhouse-video,Movies & TV,Grindhouse Video,https://grindhousevideo.com
grolier-poetry-book-shop,Specialty Bookstore,Grolier Poetry Book Shop,https://www.grolierpoetrybookshop.org
groovy-lab-in-a-box,STEM,Groovy Lab in a Box,https://www.groovylabinabox.com
grove-collaborative,Bath,Grove Collaborative,https://www.grove.co
grove-collaborative-cleaning-2,Cleaning Supplies,Grove Collaborative,https://grove.co
grovemade,Cell Phones & Accessories,Grovemade,https://www.grovemade.com
grovemade-desk-acc-2,Desk Accessories & Organizers,Grovemade,https://grovemade.com
grundens,Hunting & Fishing,Grundens,https://grundens.com
gruv,Movies & TV,Gruv,https://www.gruv.com
gt-omega,Gaming Chairs,GT Omega,https://www.gtomega.com
guidecraft,Educational,Guidecraft,https://guidecraft.com
gund,Plush,GUND,https://gund.com
haand,Dinnerware,Haand,https://haand.us
haba,Wooden,Haba,https://www.habausa.com
hag-flokk,Office Chairs,HAG (Flokk),https://www.flokk.com/en/us/hag
hallman,Ranges/Cooktops/Ovens,Hallman,https://www.hallmanindustries.com
hamilton-beach,Microwaves/Toaster Ovens,Hamilton Beach,https://www.hamiltonbeach.com
hamilton-book,Movies & TV,Hamilton Book,https://www.hamiltonbook.com
hape,Wooden,Hape,https://www.hape.com
happy-little-camper,Baby Care,Happy Little Camper,https://happylittlecampercare.com
harber-london,Laptop Bags,Harber London,https://www.harberlondon.com
hardgraft,Cell Phones & Accessories,Hardgraft,https://www.hardgraft.com
harlem-candle-company,Candles & Scent,Harlem Candle Company,https://www.harlemcandlecompany.com
harry-s,Men's Grooming,Harry's,https://www.harrys.com
harvard-university-press,Academic/University Press,Harvard University Press,https://www.hup.harvard.edu
haworth,Office Chairs,Haworth,https://store.haworth.com
hay,Decor,Hay,https://www.hay.com
healthy-nest,Baby Care,Healthy Nest,https://healthynest.com
hearthsong,Outdoor,HearthSong,https://www.hearthsong.com
heartwood,Office Storage & Filing,Heartwood,https://www.heartwood.ca
heath-ceramics,Dinnerware,Heath Ceramics,https://www.heathceramics.com
hedley-and-bennett,Kitchen Tools,Hedley & Bennett,https://www.hedleyandbennett.com
helix-sleep,Bedding,Helix Sleep,https://helixsleep.com
hello-bello,Baby Care,Hello Bello,https://hellobello.com
hennessey-ingalls,Specialty Bookstore,Hennessey + Ingalls,https://www.hennesseyingalls.com
hercules-dj,DJ Gear,Hercules DJ,https://www.hercules.com
heretic-parfum,Fragrance,Heretic Parfum,https://hereticparfum.com
herman-miller,Desks,Herman Miller,https://www.hermanmiller.com
herman-miller-chairs,Office Chairs,Herman Miller (Chairs),https://store.hermanmiller.com
herman-miller-gaming,Gaming Chairs,Herman Miller Gaming,https://www.hermanmiller.com/gaming
hero-cosmetics,Skincare,Hero Cosmetics,https://www.herocosmetics.us
hers,Wellness,Hers,https://www.forhers.com
hers-women-s--2,Women's Health,Hers,https://forhers.com
hestan,Cookware,Hestan,https://hestanculinary.com
hestan-ranges-c-2,Ranges/Cooktops/Ovens,Hestan,https://www.hestan.com
hestan-grills-b-2,Grills/BBQ,Hestan,https://hestanoutdoor.com
hexclad,Cookware,Hexclad,https://hexclad.com
hhkb,Keyboards,HHKB,https://hhkeyboard.us
hidden-gems-card-shop,Trading Cards,Hidden Gems Card Shop,https://hiddengemscardshop.com
higherdose,Tools/Devices,HigherDOSE,https://higherdose.com
higherdose-otc-well-2,OTC/Wellness,HigherDose,https://higherdose.com
hilma,OTC/Wellness,Hilma,https://hilma.co
hims,Men's Grooming,Hims,https://www.forhims.com
hims-men-s-he-2,Men's Health,Hims,https://forhims.com
hinkley,Outdoor lighting,Hinkley,https://www.hinkley.com
hioki,Measurement & Test Instruments,Hioki,https://www.hioki.com
hisense,Dishwashers,Hisense,https://www.hisense-usa.com
hismile,Oral Care,Hismile,https://www.hismileteeth.com
hmv-japan,Independent Record Store - Asia/Other,HMV Japan,https://www.hmv.co.jp
hobby-link-japan,Import Shop,Hobby Link Japan,https://www.hlj.com
hobbysearch,Movies & TV,HobbySearch,https://www.1999.co.jp/eng/
hofner,Orchestral,Hofner,https://www.hofner.com
holdit,Cell Phones & Accessories,Holdit,https://www.holdit.com
holgate-toys,Wooden,Holgate Toys,https://www.holgatetoy.com
home-science-tools,Lab Equipment & Supplies,Home Science Tools,https://www.homesciencetools.com
honest,Baby Care,Honest,https://honest.com
honest-jon-s,Independent Record Store - UK/EU,Honest Jon's,https://www.honestjons.com
honey-pot,Feminine Care,Honey Pot,https://thehoneypot.co
honey-can-do,Organization,Honey-Can-Do,https://www.honeycando.com
hoover,Vacuums,Hoover,https://www.hoover.com
hot-spring-spas,Pools/hot tubs/swim spas,Hot Spring Spas,https://www.hotspring.com
hp,Laptops,HP,https://www.hp.com
htc-vive,VR Hardware,HTC Vive,https://www.vive.com
huda-beauty,Makeup,Huda Beauty,https://hudabeauty.com
huion,Graphics Tablets,Huion,https://www.huion.com
huk-gear,Hunting & Fishing,Huk Gear,https://www.hukgear.com
hum-nutrition,Wellness,Hum Nutrition,https://www.humnutrition.com
hum-nutrition-vitamins-2,Vitamins & Supplements,HUM Nutrition,https://humnutrition.com
humanscale-arms,Monitor Arms & Stands,Humanscale (Arms),https://www.humanscale.com/products/monitor-arms
humanscale-chairs,Office Chairs,Humanscale (Chairs),https://www.humanscale.com/products/seating
hurom,Small Kitchen Appliances,Hurom,https://www.hurom.com
husqvarna,Lawn care equipment/mowers,Husqvarna,https://www.husqvarna.com
hvacdirect,Cleanroom & HVAC Industrial,HVACDirect,https://www.hvacdirect.com
hydraulic-supply-co,Hydraulics & Pneumatics,Hydraulic Supply Co,https://www.hydraulic-supply.com
hydro-flask,Outdoor Accessories,Hydro Flask,https://www.hydroflask.com
hydrow,Fitness & Gym,Hydrow,https://hydrow.com
hyperdrive,Docking stations/hubs,HyperDrive,https://www.hypershop.com
hyperlite-mountain-gear,Camping & Hiking Gear,Hyperlite Mountain Gear,https://www.hyperlitemountaingear.com
hypershop,Cell Phones & Accessories,HyperShop,https://www.hypershop.com
hyperx,Controllers,HyperX,https://www.hyperx.com
i-blason,Cell Phones & Accessories,i-Blason,https://www.i-blason.com
iam8bit,Indie Studio Merch,iam8bit,https://www.iam8bit.com
ibuypower,Desktops/PCs/Builders,iBUYPOWER,https://www.ibuypower.com
icarez,Cell Phones & Accessories,iCarez,https://www.icarez.com
ideal-of-sweden,Cell Phones & Accessories,Ideal of Sweden,https://www.idealofsweden.com
idesign,Organization,iDesign,https://idesignlive.com
idt-integrated-dna-technologies,Chemistry & Biology Supplies,IDT (Integrated DNA Technologies),https://www.idtdna.com
iello,Board Games,IELLO,https://iello.com
igloo-coolers,Outdoor Accessories,Igloo Coolers,https://www.igloocoolers.com
il-makiage,Makeup,Il Makiage,https://www.ilmakiage.com
ilia-beauty,Makeup,Ilia Beauty,https://iliabeauty.com
illumicrate,Book Subscription Box,Illumicrate,https://www.illumicrate.com
ilve,Ranges/Cooktops/Ovens,Ilve,https://www.ilveusa.com
importcds,Movies & TV,ImportCDs,https://www.importcds.com
incase,Laptop Bags,Incase,https://www.incase.com
industrial-safety,Industrial Safety & PPE,Industrial Safety,https://www.industrialsafety.com
industrial-safety-gear,Industrial Safety & PPE,Industrial Safety Gear,https://www.industrialsafetygear.com
infantino,Baby/Infant,Infantino,https://infantino.com
infinacore,Cell Phones & Accessories,InfinaCore,https://www.infinacore.com
infratech,Fire pits/outdoor heaters,Infratech,https://www.infratech-usa.com
ink4less,Printer & Ink,Ink4Less,https://ink4less.com
inkjets-com,Printer & Ink,Inkjets.com,https://www.inkjets.com
inkwell-press,Planners,Inkwell Press,https://inkwellpress.com
innersloth-shop,Indie Studio Merch,Innersloth Shop,https://shop.innersloth.com
inside-weather,Furniture,Inside Weather,https://insideweather.com
insta360,Webcams,Insta360,https://www.insta360.com
instant-pot,Small Kitchen Appliances,Instant Pot,https://www.instantpot.com
instocktrades,Comic Book Store,InStockTrades,https://www.instocktrades.com
intex,Outdoor,Intex,https://www.intexcorp.com
inventables,CNC / Laser Cutters / Fabrication,Inventables,https://www.inventables.com
iqair,Air Purifiers,IQAir,https://www.iqair.com
irobot,Robotic Cleaners,iRobot,https://www.irobot.com
irocker,Watersports,iRocker,https://irockersup.com
iron-lion-collectibles,Trading Cards,Iron Lion Collectibles,https://ironlioncollectibles.com
iwalk,Cell Phones & Accessories,iWalk,https://www.iwalkworld.com
j-list,Movies & TV,J-List,https://www.jlist.com
j-subculture,Import Shop,J-Subculture,https://www.j-subculture.com
jackpot-records,Movies & TV,Jackpot Records,https://jackpotrecords.com
jackpot-records-independ-2,Independent Record Store - US,Jackpot Records,https://www.jackpotrecords.com
jackson-and-perkins,Planters/Pots,Jackson & Perkins,https://www.jacksonandperkins.com
jade-yoga,Yoga,Jade Yoga,https://jadeyoga.com
jamie-kay,Baby Clothing,Jamie Kay,https://jamiekay.com
janji,Running,Janji,https://janji.com
janod,Wooden,Janod,https://www.janod.com
jayson-home,Decor,Jayson Home,https://www.jaysonhome.com
jellycat,Plush,Jellycat,https://www.jellycat.com
jennair,Ranges/Cooktops/Ovens,JennAir,https://www.jennair.com
jensen-outdoor,Patio dining,Jensen Outdoor,https://www.jensenoutdoor.com
jet-set-records,Independent Record Store - Asia/Other,Jet Set Records,https://www.jetsetrecords.net
jetboil,Camping & Hiking Gear,Jetboil,https://jetboil.johnsonoutdoors.com
jetech,Cell Phones & Accessories,JETech,https://www.jetechins.com
jiggy-puzzles,Puzzles,Jiggy Puzzles,https://jiggypuzzles.com
jjgames,Retro Game Retailer,JJGames,https://www.jjgames.com
johnny-s-selected-seeds,Seeds/plants nurseries,Johnny's Selected Seeds,https://www.johnnyseeds.com
jones-road,Makeup,Jones Road,https://jonesroadbeauty.com
jones-snowboards,Winter Sports,Jones Snowboards,https://www.jonessnowboards.com
jono-pandolfi,Dinnerware,Jono Pandolfi,https://www.jonopandolfi.com
joybird,Furniture,Joybird,https://joybird.com
joylux,Women's Health,Joylux,https://joylux.com
july-ac,HVAC/Portable AC/Heaters,July AC,https://july.ac
june-oven,Smart Home & Appliances,June Oven,https://juneoven.com
juno-records,Independent Record Store - UK/EU,Juno Records,https://www.juno.co.uk
jupiter-music,Wind Instruments,Jupiter Music,https://www.jupitermusic.com
k18-hair,Haircare,K18 Hair,https://www.k18hair.com
kaged,Vitamins & Supplements,Kaged,https://kaged.com
kala-brand,Ukuleles,Kala Brand,https://www.kalabrand.com
kali-audio,Studio Monitors,Kali Audio,https://www.kaliaudio.com
kamado-joe,Grills/BBQ,Kamado Joe,https://www.kamadojoe.com
kamaka-hawaii,Ukuleles,Kamaka Hawaii,https://www.kamakahawaii.com
kamikoto,Kitchen Tools,Kamikoto,https://kamikoto.com
kammok,Camping & Hiking Gear,Kammok,https://kammok.com
kanilea-pen-co,Pens & Writing,Kanilea Pen Co.,https://kanileapenco.com
kano,STEM,Kano,https://kano.me
kante,Planters/Pots,Kante,https://kanteplanters.com
karas-pen-co,Pens & Writing,Karas Pen Co.,https://karaskustoms.com
kbdfans,Keyboards,KBDfans,https://kbdfans.com
keeps,Men's Health,Keeps,https://keeps.com
kerf,Cell Phones & Accessories,Kerf,https://www.kerfcase.com
keychron,Keyboards,Keychron,https://www.keychron.com
keymaster-games,Board Games,Keymaster Games,https://keymastergames.com
keysight-technologies,Measurement & Test Instruments,Keysight Technologies,https://www.keysight.com
keyway,Cell Phones & Accessories,Keyway,https://www.keywaydesigns.com
kichler,Outdoor lighting,Kichler,https://www.kichler.com
kid-made-modern,Arts & Crafts,Kid Made Modern,https://kidmademodern.com
kindra,Women's Health,Kindra,https://ourkindra.com
kinesis,Keyboards,Kinesis,https://kinesis-ergo.com
kingsley-bate,Patio dining,Kingsley Bate,https://www.kingsleybate.com
kingston,Storage/SSDs,Kingston,https://www.kingston.com
kino-lorber,Movies & TV,Kino Lorber,https://kinolorber.com
kinokuniya-usa,Independent Bookstore,Kinokuniya USA,https://www.kinokuniya.com
kinokuniya-usa-movies-a-2,Movies & TV,Kinokuniya USA,https://usa.kinokuniya.com
kit-and-kin,Baby Care,Kit & Kin,https://kitandkin.com
kitchen-arts-and-letters,Specialty Bookstore,Kitchen Arts & Letters,https://www.kitchenartsandletters.com
kitchenaid,Small Kitchen Appliances,KitchenAid,https://www.kitchenaid.com
kiwi-design,VR Hardware,KIWI design,https://www.kiwidesign.com
kiwico,Educational,KiwiCo,https://www.kiwico.com
kiwico-educatio-2,Educational Science & STEM,KiwiCo,https://www.kiwico.com
klutz,Arts & Crafts,Klutz,https://www.scholastic.com/klutz
knix,Feminine Care,Knix,https://knix.com
kobo-audiobooks,Audiobook DTC,Kobo Audiobooks,https://www.kobo.com
kosas,Makeup,Kosas,https://kosas.com
kotobukiya,Action Figures,Kotobukiya,https://www.kotous.com
kotobukiya-collecti-2,Collectibles,Kotobukiya,https://www.kotobukiya.co.jp
kravebeauty,Skincare,KraveBeauty,https://kravebeauty.com
kreafunk,Cell Phones & Accessories,Kreafunk,https://www.kreafunk.com
krk-systems,Studio Monitors,KRK Systems,https://www.krkmusic.com
krups,Small Kitchen Appliances,Krups,https://www.krupsusa.com
ktc,Monitors,KTC,https://www.ktcplay.com
kudos,Baby Care,Kudos,https://kudoscare.com
kuiu,Hunting & Fishing,Kuiu,https://www.kuiu.com
kylie-cosmetics,Makeup,Kylie Cosmetics,https://kyliecosmetics.com
kyte-baby,Baby Clothing,Kyte Baby,https://kytebaby.com
la-cornue,Ranges/Cooktops/Ovens,La Cornue,https://www.lacornue.com
la-marzocco-home,Espresso Machines,La Marzocco Home,https://lamarzoccohome.com
la-sportiva,Climbing,La Sportiva,https://www.lasportiva.com
laguna-tools,CNC / Laser Cutters / Fabrication,Laguna Tools,https://www.lagunatools.com
lakeland-industries,Industrial Safety & PPE,Lakeland Industries,https://www.lakeland.com
lakeshore-learning,Educational,Lakeshore Learning,https://www.lakeshorelearning.com
lalo,Furniture,Lalo,https://meetlalo.com
lamaze,Baby/Infant,Lamaze,https://www.lamazetoys.com
lamy,Pens & Writing,Lamy,https://www.lamy.com
lamzu,Mice,Lamzu,https://lamzu.com
lander,Outdoor Accessories,Lander,https://www.lander.com
lanikai,Ukuleles,Lanikai,https://www.lanikaiukuleles.com
larq,Water Filtration/Dispensers,Larq,https://www.livelarq.com
lasko,HVAC/Portable AC/Heaters,Lasko,https://www.lasko.com
laundry-sauce,Laundry Products,Laundry Sauce,https://laundrysauce.com
laura-davidson,Office Chairs,Laura Davidson,https://www.lauradavidson.com
lci-paper,Specialty Paper & Cards,LCI Paper,https://www.lcipaper.com
ld-products,Printer & Ink,LD Products,https://www.ldproducts.com
le-chat-qui-fume,Movies & TV,Le Chat qui Fume,https://www.lechatquifume.com
le-toy-van,Wooden,Le Toy Van,https://letoyvan.com
learning-resources,Educational,Learning Resources,https://www.learningresources.com
leder-games,Board Games,Leder Games,https://ledergames.com
leesa,Bedding,Leesa,https://www.leesa.com
legion-paper,Specialty Paper & Cards,Legion Paper,https://www.legionpaper.com
lelit,Espresso Machines,Lelit,https://lelit.com
lemi-shine,Cleaning Supplies,Lemi Shine,https://lemishine.com
lemme,Vitamins & Supplements,Lemme,https://lemmelive.com
lenovo,Laptops,Lenovo,https://www.lenovo.com
lention,Cell Phones & Accessories,Lention,https://www.lention.com
leon-and-george,Seeds/plants nurseries,Leon & George,https://www.leon-and-george.com
leopold,Keyboards,Leopold,https://global.leopold.co.kr
leuchtturm1917,Notebooks & Journals,Leuchtturm1917,https://www.leuchtturm1917.com
level-up-video-games,Retro Game Retailer,Level Up Video Games,https://levelupvideogames.com
levoit,Air Purifiers,Levoit,https://levoit.com
lexar,Storage/SSDs,Lexar,https://www.lexar.com
lg,Refrigerators,LG,https://www.lg.com
lian-li,Cooling/PC Parts,Lian Li,https://lian-li.com
liberty-puzzles,Puzzles,Liberty Puzzles,https://www.libertypuzzles.com
libro-fm,Audiobook DTC,Libro.fm,https://libro.fm
liforme,Yoga,Liforme,https://liforme.com
lighthouse-records,Independent Record Store - Asia/Other,Lighthouse Records,https://www.lighthouserecords.jp
linksys,Networking,Linksys,https://www.linksys.com
lista,Workbench & Tool Storage,Lista,https://www.lista.com
litjoy-crate,Book Subscription Box,LitJoy Crate,https://litjoycrate.com
little-city-books,Independent Bookstore,Little City Books,https://www.littlecitybooks.com
little-passports,Educational,Little Passports,https://www.littlepassports.com
little-sleepies,Baby Clothing,Little Sleepies,https://littlesleepies.com
little-tikes,Outdoor,Little Tikes,https://www.littletikes.com
lofree,Keyboards,Lofree,https://www.lofree.co
logitech-g,Mice,Logitech G,https://www.logitechg.com
logitech-g-controll-2,Controllers,Logitech G,https://www.logitechg.com
lola,Feminine Care,Lola,https://mylola.com
loll-designs,Outdoor furniture,Loll Designs,https://lolldesigns.com
london-pen-co,Pens & Writing,London Pen Co.,https://www.londonpenco.com
looney-labs,Card Games,Looney Labs,https://www.looneylabs.com
love-wellness,Women's Health,Love Wellness,https://lovewellness.com
lovevery,Educational,Lovevery,https://lovevery.com
lovevery-baby-toy-2,Baby Toys,Lovevery,https://lovevery.com
lukie-games,Retro Game Retailer,Lukie Games,https://www.lukiegames.com
lulu,Printing services (DTC),Lulu,https://www.lulu.com
lululook,Cell Phones & Accessories,Lululook,https://www.lululook.com
lume-deodorant,Body Care,Lume Deodorant,https://lumedeodorant.com
lumi,Packaging & Shipping Supplies,Lumi,https://www.lumi.com
lumina,Webcams,Lumina,https://lumina.co
lunchmeat-vhs,Movies & TV,Lunchmeat VHS,https://lunchmeatvhs.com
lutron,Outdoor lighting,Lutron,https://www.lutron.com
luxtude,Cell Phones & Accessories,Luxtude,https://www.luxtude.com
lynskey,Cycling,Lynskey,https://lynskeyperformance.com
ma-recordings,Audiophile/Hi-Res Label,MA Recordings,https://www.marecordings.com
mad-science-pen-co,Pens & Writing,Mad Science Pen Co.,https://madsciencepenco.com
made-in,Cookware,Made In,https://madeincookware.com
made-of,Baby Care,Made Of,https://madeof.com
madman-entertainment,Movies & TV,Madman Entertainment,https://www.madman.com.au
magazine-heaven,Independent Bookstore,Magazine Heaven,https://www.magazineheaven.com
magic-sleek,Haircare,Magic Sleek,https://www.magicsleek.com
magid-glove-and-safety,Industrial Safety & PPE,Magid Glove & Safety,https://www.magidglove.com
magimix,Small Kitchen Appliances,Magimix,https://www.magimix.us
magna-tiles,Educational,Magna-Tiles,https://www.magnatiles.com
magnolia,Decor,Magnolia,https://magnolia.com
maiden-home,Furniture,Maiden Home,https://maidenhome.com
maiden-home-outdoor--2,Outdoor furniture,Maiden Home,https://maidenhome.com
maingear,Desktops/PCs/Builders,Maingear,https://www.maingearpc.com
maison-louis-marie,Fragrance,Maison Louis Marie,https://maisonlouismarie.com
major-fitness,Fitness & Gym,Major Fitness,https://www.major-fitness.com
makeblock,STEM,Makeblock,https://www.makeblock.com
makerbot,3D Printers & Additive Manufacturing,MakerBot,https://www.makerbot.com
makeup-by-mario,Makeup,Makeup by Mario,https://www.makeupbymario.com
mamagreen,Patio dining,Mamagreen,https://www.mamagreen.com
mandarake,Movies & TV,Mandarake,https://order.mandarake.co.jp/order/
manduka,Yoga,Manduka,https://www.manduka.com
manscaped,Men's Health,Manscaped,https://manscaped.com
manual,Men's Health,Manual,https://manual.co
maple-systems,Industrial Automation & PLC,Maple Systems,https://www.maplesystems.com
mara-beauty,Skincare,MARA Beauty,https://themarabeauty.com
marine-layer,Outdoor Apparel,Marine Layer,https://www.marinelayer.com
marky-sparky,STEM,Marky Sparky,https://markysparkytoys.com
marucci-sports,Team Sports,Marucci Sports,https://maruccisports.com
master-spas,Pools/hot tubs/swim spas,Master Spas,https://www.masterspas.com
matador,Outdoor Accessories,Matador,https://matadorup.com
matador-records,Record Label with Shop,Matador Records,https://www.matadorrecords.com
material-kitchen,Cookware,Material Kitchen,https://materialkitchen.com
matrix-lab,Keyboards,Matrix Lab,https://matrixlab.store
maverick-desk,Desks,Maverick Desk,https://www.maverickdesk.com
maytag,Washers/Dryers,Maytag,https://www.maytag.com
maelys,Skincare,Maëlys,https://www.maelyscosmetics.com
mcfarlane-toys,Action Figures,McFarlane Toys,https://mcfarlane.com
mcgee-and-co,Outdoor furniture,McGee & Co,https://www.mcgeeandco.com
mcmaster-carr,MRO Supplies,McMaster-Carr,https://www.mcmaster.com
mcnally-jackson,Independent Bookstore,McNally Jackson,https://www.mcnallyjackson.com
mcr-safety,Industrial Safety & PPE,MCR Safety,https://www.mcrsafety.com
mcsweeney-s,Small Press Publisher,McSweeney's,https://www.mcsweeneys.net
mdesign,Organization,mDesign,https://mdesignhomedecor.com
meater,Smart Home & Appliances,Meater,https://www.meater.com
medik8,Skincare,Medik8,https://www.medik8.com
mee-go,Feeding,Mee-go,https://mee-go.co.uk
megababe,Body Care,Megababe,https://megababebeauty.com
megger,Measurement & Test Instruments,Megger,https://www.megger.com
meiji-techno,Microscopy & Optics,Meiji Techno,https://www.meijitechno.com
mel-science,Educational Science & STEM,Mel Science,https://www.melscience.com
meletrix,Keyboards,Meletrix,https://meletrix.com
melgeek,Keyboards,MelGeek,https://www.melgeek.com
melville-house,Small Press Publisher,Melville House,https://www.mhpbooks.com
meri-meri,Nursery Decor,Meri Meri,https://merimeri.com
merit,Makeup,Merit,https://www.meritbeauty.com
mermade-hair,Haircare,Mermade Hair,https://www.mermadehair.com
messermeister,Kitchen Tools,Messermeister,https://www.messermeister.com
meta-quest,VR Hardware,Meta Quest,https://www.meta.com/quest
method,Cleaning Supplies,Method,https://methodhome.com
metolius,Climbing,Metolius,https://www.metoliusclimbing.com
mezco-toyz,Action Figures,Mezco Toyz,https://www.mezcotoyz.com
microcosm-publishing,Zine/Art Book Publisher,Microcosm Publishing,https://microcosmpublishing.com
microscope-com,Microscopy & Optics,Microscope.com,https://www.microscope.com
midea,HVAC/Portable AC/Heaters,Midea,https://www.midea.com/us
midori,Notebooks & Journals,Midori,https://www.midori-japan.co.jp
midtown-comics,Comic Book Store,Midtown Comics,https://www.midtowncomics.com
miele,Refrigerators,Miele,https://www.mieleusa.com
mikasa-sports,Team Sports,Mikasa Sports,https://mikasasports.com
mila,Air Purifiers,Mila,https://milacares.com
mile-high-comics,Comic Book Store,Mile High Comics,https://www.milehighcomics.com
milestone-films,Movies & TV,Milestone Films,https://www.milestonefilms.com
milk-makeup,Makeup,Milk Makeup,https://www.milkmakeup.com
milk-barn,Baby Clothing,Milk-Barn,https://milkbarnkids.com
milkweed-editions,Small Press Publisher,Milkweed Editions,https://milkweed.org
milliporesigma,Lab Equipment & Supplies,MilliporeSigma,https://www.sigmaaldrich.com
mindware,Educational,MindWare,https://www.mindware.com
misen,Cookware,Misen,https://misen.com
mit-press,Academic/University Press,MIT Press,https://mitpress.mit.edu
mizu,Outdoor Accessories,Mizu,https://mizulife.com
mk-professional,Haircare,MK Professional,https://mkprofessional.com
mobile-fidelity-sound-lab,Audiophile/Hi-Res Label,Mobile Fidelity Sound Lab,https://www.mofi.com
mockingbird,Strollers,Mockingbird,https://hellomockingbird.com
mode-designs,Keyboards,Mode Designs,https://modedesigns.com
modern-fertility,Women's Health,Modern Fertility,https://modernfertility.com
modernica,Planters/Pots,Modernica,https://modernica.net
modibodi,Feminine Care,Modibodi,https://modibodi.com
modiphius,Tabletop RPG,Modiphius,https://www.modiphius.net
mogix,Cell Phones & Accessories,Mogix,https://www.mogixaccessories.com
molekule,Air Purifiers,Molekule,https://molekule.com
molten,Team Sports,Molten,https://www.moltenusa.com
momentous,Vitamins & Supplements,Momentous,https://livemomentous.com
momotaro-apotheca,Women's Health,Momotaro Apotheca,https://momotaroapotheca.com
mondo,Action Figures,Mondo,https://mondoshop.com
mondo-collecti-2,Collectibles,Mondo,https://mondoshop.com
monrovia,Seeds/plants nurseries,Monrovia,https://www.monrovia.com
monsgeek,Keyboards,MonsGeek,https://www.monsgeek.com
montblanc,Pens & Writing,Montblanc,https://www.montblanc.com
monte-design,Furniture,Monte Design,https://montedesign.com
monte-design-nursery--2,Nursery Furniture,Monte Design,https://montedesign.com
montec-wear,Winter Sports,Montec Wear,https://www.montecwear.com
monti-kids,Baby Toys,Monti Kids,https://montikids.com
moo,Printing services (DTC),MOO,https://www.moo.com
moon-juice,Vitamins & Supplements,Moon Juice,https://moonjuice.com
moots,Cycling,Moots,https://moots.com
mora-ceramics,Dinnerware,Mora Ceramics,https://moraceramics.com
morrow-soft-goods,Bedding,Morrow Soft Goods,https://morrowsoftgoods.com
motion-industries,MRO Supplies,Motion Industries,https://www.motion.com
mount-it,Monitor Arms & Stands,Mount-It!,https://mount-it.com
mous,Cell Phones & Accessories,Mous,https://www.mous.co
mrcool,HVAC/Portable AC/Heaters,MrCool,https://mrcool.com
mrostop,MRO Supplies,MROStop,https://www.mrostop.com
mrs-meyer-s,Cleaning Supplies,Mrs. Meyer's,https://mrsmeyers.com
msi,Laptops,MSI,https://www.msi.com
mud-australia,Dinnerware,Mud Australia,https://mudaustralia.com
mushie,Baby/Infant,Mushie,https://mushie.com
mushie-feeding-2,Feeding,Mushie,https://mushie.com
music-direct,Audiophile/Hi-Res Label,Music Direct,https://www.musicdirect.com
mustela,Baby Care,Mustela,https://mustelausa.com
mute-bank,Record Label with Shop,Mute Bank,https://www.mutebank.co.uk
muuto,Decor,Muuto,https://www.muuto.com
mycharge,Cell Phones & Accessories,MyCharge,https://www.mycharge.com
mycomicshop,Comic Book Store,MyComicShop,https://www.mycomicshop.com
nama,Small Kitchen Appliances,Nama,https://namawell.com
narwal,Robotic Cleaners,Narwal,https://www.narwal.com
natalist,Women's Health,Natalist,https://natalist.com
native,Body Care,Native,https://www.nativecos.com
native-union,Cell Phones & Accessories,Native Union,https://www.native-union.com
native-union-cables-a-2,Cables/Adapters,Native Union,https://www.nativeunion.com
native-union-desk-acc-2,Desk Accessories & Organizers,Native Union,https://www.nativeunion.com
nature-hills,Seeds/plants nurseries,Nature Hills,https://www.naturehills.com
ncla-beauty,Bath/Shower,NCLA Beauty,https://nclabeauty.com
neat-method,Organization,Neat Method,https://neatmethod.com
neb-new-england-biolabs,Chemistry & Biology Supplies,NEB (New England Biolabs),https://www.neb.com
neca,Action Figures,NECA,https://necaonline.com
neighbor,Outdoor furniture,Neighbor,https://www.neighbor.com
nemo-equipment,Camping & Hiking Gear,Nemo Equipment,https://www.nemoequipment.com
nest-diapers,Baby Care,Nest Diapers,https://nestdiapers.com
nest-new-york,Candles & Scent,Nest New York,https://www.nestnewyork.com
nestig,Nursery Furniture,Nestig,https://nestig.com
netgear,Networking,Netgear,https://www.netgear.com
nette,Fragrance,Nette,https://nettenyc.com
new-directions,Small Press Publisher,New Directions,https://www.ndbooks.com
newbury-comics,Movies & TV,Newbury Comics,https://www.newburycomics.com
newbury-comics-independ-2,Independent Record Store - US,Newbury Comics,https://www.newburycomics.com
newport-fasteners,Industrial Fasteners,Newport Fasteners,https://www.newportfasteners.com
nexwear,Elderly Care,Nexwear,https://nexwear.com
ni-national-instruments,Measurement & Test Instruments,NI (National Instruments),https://www.ni.com
nikalab,Vitamins & Supplements,Nikalab,https://nikallab.com
nimble,Cell Phones & Accessories,Nimble,https://www.gonimble.com
ninja-tune,Record Label with Shop,Ninja Tune,https://www.ninjatune.net
ninjutso,Mice,Ninjutso,https://ninjutso.com
nis-america-store,Movies & TV,NIS America Store,https://store.nisamerica.com
nitecore,Cell Phones & Accessories,Nitecore,https://www.nitecore.com
niwaki,Garden tools,Niwaki,https://www.niwaki.com
nl-beauty,Makeup,NL Beauty,https://nlbeauty.bg
no-idea-records,Niche Genre Store,No Idea Records,https://www.noidearecords.com
no-2,Paper Goods,No. 2,https://no2.co
noblechairs,Gaming Chairs,noblechairs,https://www.noblechairs.com
noctua,Cooling/PC Parts,Noctua,https://noctua.at
noissue,Packaging & Shipping Supplies,Noissue,https://www.noissue.co
nomad,Outdoor Accessories,Nomad,https://nomadgoods.com
nomad-laptop-b-2,Laptop Bags,Nomad,https://nomadgoods.com
nomad-grills,Grills/BBQ,Nomad Grills,https://nomadgrills.com
nonesuch-records,Record Label with Shop,Nonesuch Records,https://www.nonesuch.com
nordic-knots,Decor,Nordic Knots,https://nordicknots.com
noreve,Cell Phones & Accessories,Noreve,https://www.noreve.com
norman-records,Independent Record Store - UK/EU,Norman Records,https://www.normanrecords.com
nosy-crow,Children's Bookstore,Nosy Crow,https://nosycrow.com
novelkeys,Keyboards,NovelKeys,https://novelkeys.com
ns-design,Orchestral,NS Design,https://www.thinkns.com
nuclear-blast,Record Label with Shop,Nuclear Blast,https://www.nuclearblast.com
nucleus-films,Movies & TV,Nucleus Films,https://www.nucleusfilms.com
nudient,Cell Phones & Accessories,Nudient,https://www.nudient.com
nuface,Tools/Devices,NuFace,https://www.mynuface.com
nuglas,Cell Phones & Accessories,NuGlas,https://www.nuglas.com.au
numark,DJ Gear,Numark,https://www.numark.com
numskull-geek-store,Collectibles,Numskull (Geek Store),https://www.geekstore.com
nuphy,Keyboards,NuPhy,https://nuphy.com
nuuna,Notebooks & Journals,Nuuna,https://www.nuuna.com
nuwave,Small Kitchen Appliances,NuWave,https://www.nuwavenow.com
nyrb,Small Press Publisher,NYRB,https://www.nyrb.com
oakywood,Cell Phones & Accessories,Oakywood,https://www.oakywood.shop
oakywood-desk-acc-2,Desk Accessories & Organizers,Oakywood,https://oakywood.shop
oars-alps,Men's Grooming,Oars + Alps,https://www.oarsandalps.com
oars-alps-men-s-he-2,Men's Health,Oars + Alps,https://oarsandalps.com
obsbot,Webcams,OBSBOT,https://www.obsbot.com
obvi,Vitamins & Supplements,Obvi,https://myobvi.com
oeuf,Nursery Furniture,Oeuf,https://oeufnyc.com
office-specialty,Office Specialty,Office Specialty,https://www.officespecialty.com
ohana-ukuleles,Ukuleles,Ohana Ukuleles,https://www.ohana-music.com
ohaus,Lab Equipment & Supplies,Ohaus,https://www.ohaus.com
ojook,Oral Care,Ojook,https://ojookcare.com
oldies-com,Movies & TV,Oldies.com,https://www.oldies.com
olive-films,Movies & TV,Olive Films,https://olivefilms.com
olly,Vitamins & Supplements,OLLY,https://olly.com
omega-engineering,Measurement & Test Instruments,Omega Engineering,https://www.omega.com
omega-juicers,Small Kitchen Appliances,Omega Juicers,https://omegajuicers.com
omnicharge,Cell Phones & Accessories,Omnicharge,https://www.omnicharge.co
omnitype,Keyboards,Omnitype,https://omnitype.com
omnivore-books,Specialty Bookstore,Omnivore Books,https://www.omnivorebooks.com
omoton,Cell Phones & Accessories,Omoton,https://www.omoton.com
on,Running,On,https://www.on-running.com
onlinelabels-com,Labels & Markers & Highlighters,OnlineLabels.com,https://www.onlinelabels.com
onsen,Bath,Onsen,https://onsentowel.com
ooly,Arts & Crafts,Ooly,https://www.ooly.com
ooni,Smart Home & Appliances,Ooni,https://ooni.com
ooni-pizza-ov-2,Pizza ovens,Ooni,https://ooni.com
opal,Webcams,Opal,https://opalcamera.com
opinel,Kitchen Tools,Opinel,https://www.opinel-usa.com
orbit-dvd,Movies & TV,Orbit DVD,https://www.orbitdvd.com
orbitkey,Desk Accessories & Organizers,Orbitkey,https://www.orbitkey.com
orca-coolers,Outdoor Accessories,Orca Coolers,https://orcacoolers.com
oreck,Vacuums,Oreck,https://www.oreck.com
origin-pc,Desktops/PCs/Builders,Origin PC,https://www.originpc.com
oru-kayak,Watersports,Oru Kayak,https://www.orukayak.com
oscilloscope-laboratories,Movies & TV,Oscilloscope Laboratories,https://www.oscilloscope.net
oster,Microwaves/Toaster Ovens,Oster,https://www.oster.com
ostrya,Outdoor Apparel,Ostrya,https://ostryaequipment.com
ouai,Haircare,OUAI,https://theouai.com
our-place,Cookware,Our Place,https://fromourplace.com
outdoor-vitals,Camping & Hiking Gear,Outdoor Vitals,https://outdoorvitals.com
outer,Furniture,Outer,https://liveouter.com
outer-outdoor--2,Outdoor furniture,Outer,https://liveouter.com
outland-living,Fire pits/outdoor heaters,Outland Living,https://outlandliving.com
ovii,Bath/Shower,Ovii,https://ovii.com
owlcrate,Book Subscription Box,OwlCrate,https://www.owlcrate.com
oxford-university-press,Academic/University Press,Oxford University Press,https://global.oup.com
p-mauriat,Wind Instruments,P. Mauriat,https://www.pmauriatmusic.com
packlane,Packaging & Shipping Supplies,Packlane,https://www.packlane.com
paizo,Tabletop RPG,Paizo,https://paizo.com
palram,Greenhouses/raised beds,Palram,https://www.palramcanopy.com
panasonic,Microwaves/Toaster Ovens,Panasonic,https://www.panasonic.com
pandasaurus-games,Board Games,Pandasaurus Games,https://pandasaurusgames.com
panzerglass,Cell Phones & Accessories,PanzerGlass,https://www.panzerglass.com
paper-mart,Packaging & Shipping Supplies,Paper Mart,https://www.papermart.com
papier,Stationery & Paper,Papier,https://www.papier.com
parachute,Bedding,Parachute,https://www.parachutehome.com
parade-organics,Baby Clothing,Parade Organics,https://parade.ca
paradox-arcades,Arcade Maker,Paradox Arcades,https://www.paradoxarcades.com
parasol,Baby Care,Parasol,https://parasolco.com
passion-planner,Planners,Passion Planner,https://passionplanner.com
patagonia,Outdoor Apparel,Patagonia,https://www.patagonia.com
patrick-ta-beauty,Makeup,Patrick Ta Beauty,https://patrickta.com
peaceable-kingdom,Educational,Peaceable Kingdom,https://www.mindware.com/brand/peaceable-kingdom
peak-design,Outdoor Accessories,Peak Design,https://www.peakdesign.com
peak-design-laptop-b-2,Laptop Bags,Peak Design,https://www.peakdesign.com
peel,Cell Phones & Accessories,Peel,https://www.buypeel.com
pela,Cell Phones & Accessories,Pela,https://www.pelacase.com
pelican-sport,Watersports,Pelican Sport,https://www.pelicansport.com
peloton,Fitness & Gym,Peloton,https://www.onepeloton.com
perelel,Vitamins & Supplements,Perelel,https://perelelhealth.com
perfora,Oral Care,Perfora,https://perfora.co.in
permanent-records,Independent Record Store - US,Permanent Records,https://www.permanentrecordsla.com
petzl,Climbing,Petzl,https://www.petzl.com
phaidon,Zine/Art Book Publisher,Phaidon,https://www.phaidon.com
phanteks,Cooling/PC Parts,Phanteks,https://www.phanteks.com
phantom-glass,Cell Phones & Accessories,Phantom Glass,https://www.phantom.glass
philips-hue,Outdoor lighting,Philips Hue,https://www.philips-hue.com
phlur,Fragrance,Phlur,https://phlur.com
phonica-records,Independent Record Store - UK/EU,Phonica Records,https://www.phonicarecords.com
piccadilly-records,Independent Record Store - UK/EU,Piccadilly Records,https://www.piccadillyrecords.com
piel-frama,Cell Phones & Accessories,Piel Frama,https://www.pielframa.com
pilgrim-surf-supply,Outdoor Apparel,Pilgrim Surf + Supply,https://pilgrimsurfsupply.com
pilot-pen,Pens & Writing,Pilot Pen,https://pilotpen.us
pioneer,HVAC/Portable AC/Heaters,Pioneer,https://www.pioneerminisplit.com
pioneer-dj,DJ Gear,Pioneer DJ,https://www.pioneerdj.com
pipette,Baby Care,Pipette,https://pipettebaby.com
pit-boss,Grills/BBQ,Pit Boss,https://pitboss-grills.com
pixio,Monitors,Pixio,https://www.pixiogaming.com
planet-mu,Record Label with Shop,Planet Mu,https://www.planet.mu
plantoys,Wooden,PlanToys,https://plantoys.com
play-asia,Import Shop,Play-Asia,https://www.play-asia.com
play-asia-movies-a-2,Movies & TV,Play-Asia,https://www.play-asia.com
playmonster,Card Games,PlayMonster,https://www.playmonster.com
plc-direct,Industrial Automation & PLC,PLC Direct,https://www.plcdirect.com
plow-and-hearth,Garden decor,Plow & Hearth,https://www.plowhearth.com
plugable,Cell Phones & Accessories,Plugable,https://www.plugable.com
plugable-docking--2,Docking stations/hubs,Plugable,https://plugable.com
plum-paper,Planners,Plum Paper,https://www.plumpaper.com
pny,Storage/SSDs,PNY,https://www.pny.com
poetry-foundation-shop,Specialty Bookstore,Poetry Foundation Shop,https://www.poetryfoundation.org
poketo,Stationery & Paper,Poketo,https://www.poketo.com
polywood,Outdoor furniture,Polywood,https://www.polywood.com
poppin,Desk Accessories & Organizers,Poppin,https://www.poppin.com
posh-peanut,Baby Clothing,Posh Peanut,https://poshpeanut.com
pottery-pots,Planters/Pots,Pottery Pots,https://www.potterypots.com
powell-s-books,Independent Bookstore,Powell's Books,https://www.powells.com
power-planter,Garden tools,Power Planter,https://powerplanter.com
power-up-gaming,Retro Game Retailer,Power Up Gaming,https://powerupgaming.ca
powerhouse-films-indicator,Movies & TV,Powerhouse Films (Indicator),https://www.powerhousefilms.co.uk
powertraveller,Cell Phones & Accessories,Powertraveller,https://www.powertraveller.com
powerxl,Small Kitchen Appliances,PowerXL,https://www.powerxlproducts.com
precision-record-pressing,Vinyl Pressing Plant,Precision Record Pressing,https://www.precisionpressing.com
prequel,Skincare,Prequel,https://prequelskin.com
presto,Small Kitchen Appliances,Presto,https://www.gopresto.com
primary,Baby Clothing,Primary,https://primary.com
princeton-record-exchange,Movies & TV,Princeton Record Exchange,https://www.prex.com
princeton-record-exchange-independ-2,Independent Record Store - US,Princeton Record Exchange,https://www.prex.com
princeton-university-press,Academic/University Press,Princeton University Press,https://press.princeton.edu
printed-matter,Zine/Art Book Publisher,Printed Matter,https://www.printedmatter.org
printful,Printing services (DTC),Printful,https://www.printful.com
proclamation-goods,Cookware,Proclamation Goods,https://proclamationgoods.com
prodigy-games,Trading Cards,Prodigy Games,https://www.prodigygames.com
profitec,Espresso Machines,Profitec,https://www.profitec-espresso.com
promega,Chemistry & Biology Supplies,Promega,https://www.promega.com
prose,Haircare,Prose,https://prose.com
proven-winners,Seeds/plants nurseries,Proven Winners,https://www.provenwinners.com
prusa-research,3D Printers & Additive Manufacturing,Prusa Research,https://www.prusa3d.com
psprint,Printing services (DTC),PsPrint,https://www.psprint.com
public-supply,Stationery & Paper,Public - Supply,https://public-supply.com
public-goods,Bath,Public Goods,https://www.publicgoods.com
public-goods-cleaning-2,Cleaning Supplies,Public Goods,https://publicgoods.com
pulsar,Mice,Pulsar,https://www.pulsar.gg
puori,Vitamins & Supplements,Puori,https://puori.com
pura,Candles & Scent,Pura,https://www.trypura.com
puracy,Cleaning Supplies,Puracy,https://puracy.com
puzz,Puzzles,Puzz,https://puzz.com
pwnage,Mice,Pwnage,https://pwnage.com
pyramex-safety,Industrial Safety & PPE,Pyramex Safety,https://www.pyramexsafety.com
qanba,Controllers,Qanba,https://www.qanba.com
qiagen,Chemistry & Biology Supplies,Qiagen,https://www.qiagen.com
qnap,Networking,QNAP,https://www.qnap.com
quality-arcades,Arcade Maker,Quality Arcades,https://www.qualityarcades.com
quartet,Whiteboards & Cork boards,Quartet,https://www.quartet.com
quill-and-fox,Stationery & Paper,Quill & Fox,https://quillandfox.com
quince,Bedding,Quince,https://www.quince.com
quincy-mae,Baby Clothing,Quincy Mae,https://quincymae.com
quip,Oral Care,Quip,https://getquip.com
r-and-r-games,Board Games,R&R Games,https://rnrgames.com
rabbit,Running,Rabbit,https://www.runinrabbit.com
rachio,Lawn care equipment/mowers,Rachio,https://www.rachio.com
rad-power-bikes,Cycling,Rad Power Bikes,https://www.radpowerbikes.com
radians,Industrial Safety & PPE,Radians,https://www.radians.com
radio-flyer,Outdoor,Radio Flyer,https://www.radioflyer.com
radtec,Fire pits/outdoor heaters,Radtec,https://www.radtec.net
radwell-international,Industrial Automation & PLC,Radwell International,https://www.radwell.com
rael,Feminine Care,Rael,https://getrael.com
rama-works,Keyboards,RAMA WORKS,https://ramaworks.com
rancilio,Espresso Machines,Rancilio,https://www.ranciliogroup.com
rane,DJ Gear,Rane,https://www.rane.com
rapidx,Cell Phones & Accessories,RapidX,https://www.rapidx.io
raptic,Cell Phones & Accessories,Raptic,https://www.rapticstrong.com
raptis-rare-books,Used/Rare Bookseller,Raptis Rare Books,https://www.raptisrarebooks.com
rare-beauty,Makeup,Rare Beauty,https://www.rarebeauty.com
rarewaves,Movies & TV,Rarewaves,https://www.rarewaves.com
rascal-friends,Baby Care,Rascal + Friends,https://rascalandfriends.com
rasputin-music,Independent Record Store - US,Rasputin Music,https://www.rasputinmusic.com
ravensburger,Board Games,Ravensburger,https://www.ravensburger.com
ravpower,Cell Phones & Accessories,RavPower,https://www.ravpower.com
razer,Controllers,Razer,https://www.razer.com
rc-fastener,Industrial Fasteners,RC Fastener,https://www.rcfastener.com
realforce,Keyboards,Realforce,https://www.realforce.co.jp/en
reaper-miniatures,Tabletop RPG,Reaper Miniatures,https://www.reapermini.com
reckless-records,Movies & TV,Reckless Records,https://www.reckless.com
reckless-records-independ-2,Independent Record Store - US,Reckless Records,https://www.reckless.com
record-city-japan,Independent Record Store - Asia/Other,Record City Japan,https://www.recordcity.jp
record-grouch,Independent Record Store - US,Record Grouch,https://www.recordgrouch.com
red-lion-controls,Industrial Automation & PLC,Red Lion Controls,https://www.redlion.net
red-paddle-co,Watersports,Red Paddle Co,https://redpaddleco.com
redeye-records,Independent Record Store - UK/EU,Redeye Records,https://www.redeyerecords.co.uk
reel-paper,Paper Goods,Reel Paper,https://reelpaper.com
reference-recordings,Audiophile/Hi-Res Label,Reference Recordings,https://www.referencerecordings.com
rejuvenation,Decor,Rejuvenation,https://www.rejuvenation.com
relapse-records,Record Label with Shop,Relapse Records,https://www.relapse.com
reloop,DJ Gear,Reloop,https://www.reloop.com
renegade-game-studios,Board Games,Renegade Game Studios,https://renegadegamestudios.com
renoun-skis,Winter Sports,Renoun Skis,https://renoun.com
rep-fitness,Fitness & Gym,Rep Fitness,https://www.repfitness.com
resident-music,Independent Record Store - UK/EU,Resident Music,https://www.resident-music.com
restoration-games,Board Games,Restoration Games,https://restorationgames.com
retro-city-games,Retro Game Retailer,Retro City Games,https://retrocitygames.com
retro-games-uk,Retro Game Retailer,Retro Games UK,https://www.retrogames.co.uk
retro-vgames,Retro Game Retailer,Retro vGames,https://retrovgames.com
retro-cade,Arcade Maker,Retro-Cade,https://www.retro-cade.com
revhq,Niche Genre Store,RevHQ,https://www.revhq.com
revival-rugs,Decor,Revival Rugs,https://www.revivalrugs.com
rhode,Skincare,Rhode,https://www.rhode skin.com
rhodia,Notebooks & Journals,Rhodia,https://www.rhodiapads.com
riccar,Vacuums,Riccar,https://www.riccar.com
richmond-and-finch,Cell Phones & Accessories,Richmond & Finch,https://www.richmondfinch.com
rifle-paper-co,Stationery & Paper,Rifle Paper Co.,https://riflepaperco.com
rightstuf-anime-legacy-link,Movies & TV,RightStuf Anime (Legacy link),https://www.rightstufanime.com
riley-home,Bath,Riley Home,https://rileyhome.com
rise-gardens,Urban gardening,Rise Gardens,https://risegardens.com
ritual,Wellness,Ritual,https://ritual.com
ritual-vitamins-2,Vitamins & Supplements,Ritual,https://ritual.com
rizzoli-bookstore,Specialty Bookstore,Rizzoli Bookstore,https://www.rizzolibookstore.com
roa,Outdoor Apparel,ROA,https://www.roa-hiking.com
roborock,Robotic Cleaners,Roborock,https://www.roborock.com
robot-coupe,Small Kitchen Appliances,Robot Coupe,https://www.robot-coupe.com
rocket-espresso,Espresso Machines,Rocket Espresso,https://www.rocket-espresso.com
rogue-fitness,Fitness & Gym,Rogue Fitness,https://www.roguefitness.com
rolling-square,Cell Phones & Accessories,Rolling Square,https://www.rollingsquare.com
rolling-square-cables-a-2,Cables/Adapters,Rolling Square,https://rollingsquare.com
roman,Men's Health,Roman,https://ro.co
romoss,Cell Phones & Accessories,Romoss,https://www.romoss.com
rooted,Seeds/plants nurseries,Rooted,https://heyrooted.com
roterunner,Planners,Roterunner,https://roterunner.com
rough-trade-uk,Independent Record Store - UK/EU,Rough Trade UK,https://www.roughtrade.com/en-gb
rough-trade-us,Independent Record Store - US,Rough Trade US,https://www.roughtrade.com/en-us
rowenta,Small Kitchen Appliances,Rowenta,https://www.rowentausa.com
royal-botania,Patio dining,Royal Botania,https://www.royalbotania.com
royal-consumer-information,Shredders & Calculators,Royal Consumer Information,https://www.royal.com
rs-rs-group,MRO Supplies,RS (RS Group),https://us.rs-online.com
rtic-outdoors,Outdoor Accessories,RTIC Outdoors,https://rticoutdoors.com
ruggable,Decor,Ruggable,https://ruggable.com
ruggable-outdoor--2,Outdoor rugs/textiles,Ruggable,https://ruggable.com
rugs-usa,Decor,Rugs USA,https://www.rugsusa.com
russell-hazel,Desk Accessories & Organizers,Russell+Hazel,https://www.russellandhazel.com
rylee-cru,Baby Clothing,Rylee + Cru,https://ryleeandcru.com
ryobi,Lawn care equipment/mowers,Ryobi,https://www.ryobitools.com
saalt,Feminine Care,Saalt,https://saalt.com
saatva,Bedding,Saatva,https://www.saatva.com
sabai,Furniture,Sabai,https://sabai.design
sabai-outdoor--2,Outdoor furniture,Sabai,https://sabai.design
sabrent,Storage/SSDs,Sabrent,https://www.sabrent.com
saddle-creek,Record Label with Shop,Saddle Creek,https://www.saddlecreek.com
safavieh,Outdoor rugs/textiles,Safavieh,https://safavieh.com
saie,Makeup,Saie,https://saiehello.com
sakura-of-america,Pens & Writing,Sakura of America,https://www.sakuraofamerica.com
salazar-packaging,Packaging & Shipping Supplies,Salazar Packaging,https://www.salazarpackaging.com
salt-oral-care,Oral Care,Salt Oral Care,https://www.saltoralcare.com
samsung,Refrigerators,Samsung,https://www.samsung.com
sandisk,Storage/SSDs,SanDisk,https://www.sandisk.com
sardel,Cookware,Sardel,https://sardelkitchen.com
sargent-art,Arts & Crafts,Sargent Art,https://www.sargentart.com
satechi,Cell Phones & Accessories,Satechi,https://www.satechi.net
satechi-docking--2,Docking stations/hubs,Satechi,https://satechi.net
satechi-desk-acc-2,Desk Accessories & Organizers,Satechi,https://satechi.net
satechi-stands,Monitor Arms & Stands,Satechi (Stands),https://satechi.net
satisfy,Running,Satisfy,https://satisfyrunning.com
sceptre,Monitors,Sceptre,https://www.sceptre.com
schoolhouse,Decor,Schoolhouse,https://www.schoolhouse.com
schwank,Fire pits/outdoor heaters,Schwank,https://www.schwankgroup.com
science-company,Lab Equipment & Supplies,Science Company,https://www.sciencecompany.com
science-kit-vwr,Educational Science & STEM,Science Kit (VWR),https://www.sciencekit.com
scosche,Cell Phones & Accessories,Scosche,https://www.scosche.com
scotch-porter,Men's Grooming,Scotch Porter,https://www.scotchporter.com
screenshield,Cell Phones & Accessories,ScreenShield,https://www.screenshield.us
scuf-gaming,Controllers,SCUF Gaming,https://scufgaming.com
sea-to-summit,Camping & Hiking Gear,Sea to Summit,https://seatosummit.com
seagate,Storage/SSDs,Seagate,https://www.seagate.com
season-of-mist,Niche Genre Store,Season of Mist,https://shop.season-of-mist.com
sebo,Vacuums,Sebo,https://www.sebo.us
second-sight-films,Movies & TV,Second Sight Films,https://secondsightfilms.co.uk
secretlab,Gaming Chairs,Secretlab,https://secretlab.co
secretlab-office,Office Chairs,Secretlab (Office),https://secretlab.co
secretly-store,Record Label with Shop,Secretly Store,https://www.secretlystore.com
seed,Wellness,Seed,https://seed.com
seed-vitamins-2,Vitamins & Supplements,Seed,https://seed.com
selmer-paris,Wind Instruments,Selmer Paris,https://www.selmer.fr
sena-cases,Cell Phones & Accessories,Sena Cases,https://www.senacases.com
serena-and-lily,Outdoor furniture,Serena & Lily,https://www.serenaandlily.com
seventh-generation,Cleaning Supplies,Seventh Generation,https://seventhgeneration.com
severin-films,Movies & TV,Severin Films,https://severin-films.com
seville-classics,Workbench & Tool Storage,Seville Classics,https://www.sevilleclassics.com
shake-it-records,Independent Record Store - US,Shake It Records,https://www.shakeitrecords.com
shameless-films,Movies & TV,Shameless Films,https://www.shameless-films.com
shark,Vacuums,Shark,https://www.sharkclean.com
sharp,Microwaves/Toaster Ovens,Sharp,https://www.sharpusa.com
sharpie,Labels & Markers & Highlighters,Sharpie,https://www.sharpie.com
sheetlabels-com,Labels & Markers & Highlighters,SheetLabels.com,https://www.sheetlabels.com
sheets-laundry-club,Laundry Products,Sheets Laundry Club,https://sheetslaundryclub.com
shelflove-crate,Book Subscription Box,Shelflove Crate,https://www.shelflovebox.com
shopbot-tools,CNC / Laser Cutters / Fabrication,ShopBot Tools,https://www.shopbottools.com
shout-factory,Movies & TV,Shout! Factory,https://shoutfactory.com
sideshow,Action Figures,Sideshow,https://www.sideshow.com
sijo,Bath,Sijo,https://sijohome.com
silicon-power,Cell Phones & Accessories,Silicon Power,https://www.silicon-power.com
silkland,Cables/Adapters,Silkland,https://www.silkland.com
silver-platters,Movies & TV,Silver Platters,https://www.silverplatters.com
silver-platters-independ-2,Independent Record Store - US,Silver Platters,https://www.silverplatters.com
silverts,Elderly Care,Silverts,https://silverts.com
simms-fishing,Hunting & Fishing,Simms Fishing,https://www.simmsfishing.com
simplicity,Vacuums,Simplicity,https://www.simplicityvac.com
simplified,Planners,Simplified,https://www.emilyley.com
sit-strings,Accessories,SIT Strings,https://www.sitstrings.com
skin-pharm,Skincare,Skin Pharm,https://skinpharm.com
skip-hop,Baby/Infant,Skip Hop,https://www.skiphop.com
skylar,Candles & Scent,Skylar,https://skylar.com
slackers,Outdoor,Slackers,https://slackers.com
slumber-cloud,Bedding,Slumber Cloud,https://www.slumbercloud.com
smartgames,Educational,SmartGames,https://www.smartgames.eu
smile-therapy,Oral Care,Smile Therapy,https://smile-therapy.co.uk
smithey,Cookware,Smithey,https://smithey.com
smythson,Stationery & Paper,Smythson,https://www.smythson.com
sneeboer,Garden tools,Sneeboer,https://www.sneeboer.com
snif,Candles & Scent,Snif,https://snif.co
snow-peak,Camping & Hiking Gear,Snow Peak,https://www.snowpeak.com
society-of-wanderers,Decor,Society of Wanderers,https://societyofwanderers.com
sodastream,Water Filtration/Dispensers,SodaStream,https://sodastream.com
soft-services,Body Care,Soft Services,https://softservices.co
soho-home,Outdoor furniture,Soho Home,https://www.sohohome.com
solaris-japan,Import Shop,Solaris Japan,https://solarisjapan.com
solaris-japan-movies-a-2,Movies & TV,Solaris Japan,https://solarisjapan.com
solawave,Tools/Devices,Solawave,https://www.solawave.co
solly-baby,Carriers,Solly Baby,https://sollybaby.com
solo-stove,Grills/BBQ,Solo Stove,https://www.solostove.com
soma,Water Filtration/Dispensers,Soma,https://drinksoma.com
sonix,Cell Phones & Accessories,Sonix,https://www.shopsonix.com
sounds-of-the-universe,Independent Record Store - UK/EU,Sounds of the Universe,https://www.soundsoftheuniverse.com
southern-lord,Record Label with Shop,Southern Lord,https://www.southernlord.com
spark-grills,Grills/BBQ,Spark Grills,https://www.sparkgrills.com
spear-and-jackson,Garden tools,Spear & Jackson,https://www.spear-and-jackson.com
specialized,Cycling,Specialized,https://www.specialized.com
speed-queen,Washers/Dryers,Speed Queen,https://www.speedqueen.com
sphero,STEM,Sphero,https://sphero.com
sphero-educatio-2,Educational Science & STEM,Sphero,https://www.sphero.com
spi-safety,Industrial Safety & PPE,SPI Safety,https://www.spisafety.com
spiritual-gangster,Yoga,Spiritual Gangster,https://www.spiritualgangster.com
square-enix-store,AAA Publisher Store,Square Enix Store,https://www.squareenixstore.com
squishmallows,Plush,Squishmallows,https://squishmallows.com
staber,Washers/Dryers,Staber,https://www.staber.com
stalogy,Notebooks & Journals,Stalogy,https://stalogy.com
stance,Team Sports,Stance,https://www.stance.com
stanford-university-press,Academic/University Press,Stanford University Press,https://www.sup.org
star-city-games,Trading Cards,Star City Games,https://www.starcitygames.com
starboard,Watersports,Starboard,https://sup.star-board.com
starface,Skincare,Starface,https://starface.world
startech,Docking stations/hubs,StarTech,https://www.startech.com
statik,Cell Phones & Accessories,Statik,https://www.statikco.com
stationeryhq,Printing services (DTC),StationeryHQ,https://www.stationeryhq.com
steelcase,Desks,Steelcase,https://www.steelcase.com
steelcase-chairs,Office Chairs,Steelcase (Chairs),https://store.steelcase.com
steelseries,Mice,SteelSeries,https://steelseries.com
steelseries-controll-2,Controllers,SteelSeries,https://steelseries.com
steiff,Plush,Steiff,https://www.steiffusa.com
step2,Outdoor,Step2,https://www.step2.com
sterling-rope,Climbing,Sterling Rope,https://sterlingrope.com
steve-spangler-science,STEM,Steve Spangler Science,https://www.stevespanglerscience.com
steve-spangler-science-educatio-2,Educational Science & STEM,Steve Spangler Science,https://www.stevespanglerscience.com
sticker-mule,Labels & Markers & Highlighters,Sticker Mule,https://www.stickermule.com
stix,Women's Health,Stix,https://getstix.co
stm-goods,Cell Phones & Accessories,STM Goods,https://www.stmgoods.com
stock-tank-pool,Pools/hot tubs/swim spas,Stock Tank Pool,https://www.stocktankpool.com
stockfisch-records,Audiophile/Hi-Res Label,Stockfisch Records,https://www.stockfisch-records.de
stomping-grounds-tcg,Trading Cards,Stomping Grounds TCG,https://www.stompinggroundstcg.com
stone-glacier,Hunting & Fishing,Stone Glacier,https://www.stoneglacier.com
stonemaier-games,Board Games,Stonemaier Games,https://stonemaiergames.com
stones-throw-records,Record Label with Shop,Stones Throw Records,https://www.stonesthrow.com
strand-books,Independent Bookstore,Strand Books,https://www.strandbooks.com
stringworks,Orchestral,StringWorks,https://www.stringworks.com
stripes-beauty,Bath/Shower,Stripes Beauty,https://www.stripesbeauty.com
sturmglow-dr-barbara-sturm,Skincare,SturmGlow (Dr. Barbara Sturm),https://www.drsturm.com
sub-pop-megamart,Record Label with Shop,Sub Pop Megamart,https://megamart.subpop.com
sub-zero,Refrigerators,Sub-Zero,https://www.subzero-wolf.com
sugar-paper,Stationery & Paper,Sugar Paper,https://sugarpaper.com
summer-classics,Patio dining,Summer Classics,https://summerclassics.com
summer-fridays,Skincare,Summer Fridays,https://summerfridays.com
sunday,Lawn care equipment/mowers,Sunday,https://www.getsunday.com
supcase,Cell Phones & Accessories,Supcase,https://www.supcase.com
super7,Action Figures,Super7,https://super7.com
supergiant-games-store,Indie Studio Merch,Supergiant Games Store,https://store.supergiantgames.com
supershieldz,Cell Phones & Accessories,Supershieldz,https://www.supershieldz.com
survivor,Cell Phones & Accessories,Survivor,https://www.survivorcase.com
synapse-films,Movies & TV,Synapse Films,https://synapsefilms.com
syncwire,Cell Phones & Accessories,Syncwire,https://www.syncwire.com
synology,Networking,Synology,https://www.synology.com
system76,Laptops,System76,https://system76.com
tab,Office Storage & Filing,TAB,https://tab.com
taikan,Cell Phones & Accessories,Taikan,https://www.taikan.com
tales-for-tadpoles,Children's Bookstore,Tales for Tadpoles,https://talesfortadpoles.ie
tanner-bolt,Industrial Fasteners,Tanner Bolt,https://www.tannerbolt.com
taschen,Zine/Art Book Publisher,Taschen,https://www.taschen.com
techmatte,Cell Phones & Accessories,TechMatte,https://www.techmatte.com
technique,Independent Record Store - Asia/Other,Technique,https://www.technique.co.jp
technogym,Fitness & Gym,Technogym,https://www.technogym.com
tefal,Small Kitchen Appliances,Tefal,https://www.t-falusa.com
tegu,Wooden,Tegu,https://tegu.com
tekla,Bath,Tekla,https://teklafabrics.com
telescope-casual,Patio dining,Telescope Casual,https://www.telescopecasual.com
tenda,Networking,Tenda,https://www.tendacn.com
tender-leaf-toys,Wooden,Tender Leaf Toys,https://tenderleaftoys.com
terra,Baby Care,Terra,https://terra.co.nz
terra-universal,Cleanroom & HVAC Industrial,Terra Universal,https://www.terrauniversal.com
terrapin-stationers,Stationery & Paper,Terrapin Stationers,https://terrapinstationers.com
terror-vision,Movies & TV,Terror Vision,https://www.terror-vision.com
teton-gravity-research,Winter Sports,Teton Gravity Research,https://www.tetongravity.com
thames-and-kosmos,Educational,Thames & Kosmos,https://www.thamesandkosmos.com
thames-and-kosmos-educatio-2,Educational Science & STEM,Thames & Kosmos,https://www.thamesandkosmos.com
ac-outlet,Cleanroom & HVAC Industrial,The AC Outlet,https://www.theacoutlet.com
children-s-book-shop,Children's Bookstore,The Children's Book Shop,https://www.childrensbookshop.com
citizenry,Decor,The Citizenry,https://www.the-citizenry.com
container-store,Organization,The Container Store,https://www.containerstore.com
criterion-collection,Movies & TV,The Criterion Collection,https://www.criterion.com
drama-book-shop,Specialty Bookstore,The Drama Book Shop,https://www.dramabookshop.com
electric-fetus,Movies & TV,The Electric Fetus,https://www.electricfetus.com
fabled,Decor,The Fabled,https://thefabled.com
feminist-press,Small Press Publisher,The Feminist Press,https://www.feministpress.org
first-edition-rare-books,Used/Rare Bookseller,The First Edition Rare Books,https://thefirstedition.com
honey-pot-company,Body Care,The Honey Pot Company,https://thehoneypot.co
humble-co,Oral Care,The Humble Co.,https://thehumble.co
last-bookstore,Independent Bookstore,The Last Bookstore,https://www.lastbookstorela.com
laundress,Laundry Products,The Laundress,https://thelaundress.com
mysterious-bookshop,Specialty Bookstore,The Mysterious Bookshop,https://www.mysteriousbookshop.com
ordinary,Skincare,The Ordinary,https://theordinary.com
paper-mill-store,Specialty Paper & Cards,The Paper Mill Store,https://www.thepapermillstore.com
sill,Seeds/plants nurseries,The Sill,https://thesill.com
thermador,Dishwashers,Thermador,https://www.thermador.com
thermaltake,Gaming Desks,ThermalTake,https://www.thermaltake.com
thermo-fisher-scientific,Lab Equipment & Supplies,Thermo Fisher Scientific,https://www.thermofisher.com
things-from-another-world,Comic Book Store,Things From Another World,https://www.tfaw.com
think-board,Whiteboards & Cork boards,Think Board,https://www.think-board.com
thinx,Feminine Care,Thinx,https://thinx.com
third-eye-comics,Comic Book Store,Third Eye Comics,https://shop.thirdeyecomics.com
third-window-films,Movies & TV,Third Window Films,https://thirdwindowfilms.com
thomas-scientific,Lab Equipment & Supplies,Thomas Scientific,https://www.thomassci.com
thorlabs,Microscopy & Optics,Thorlabs,https://www.thorlabs.com
three-ships,Skincare,Three Ships,https://www.threeshipsbeauty.com
tia,Women's Health,Tia,https://asktia.com
tiger,Small Kitchen Appliances,Tiger,https://www.tiger-corporation.com/en/usa
tilit,Kitchen Tools,Tilit,https://www.tilitnyc.com
timbuk2,Laptop Bags,Timbuk2,https://www.timbuk2.com
tin-house,Small Press Publisher,Tin House,https://www.tinhouse.com
tineco,Vacuums,Tineco,https://www.tineco.com
tingley-rubber,Industrial Safety & PPE,Tingley Rubber,https://www.tingleyrubber.com
tinkering-labs,STEM,Tinkering Labs,https://tinkeringlabs.com
toast,Cell Phones & Accessories,Toast,https://www.toastmade.com
tocris-bioscience,Chemistry & Biology Supplies,Tocris Bioscience,https://www.tocris.com
tokyo-otaku-mode,Movies & TV,Tokyo Otaku Mode,https://otakumode.com
tombow,Pens & Writing,Tombow,https://www.tombowusa.com
tonal,Fitness & Gym,Tonal,https://www.tonal.com
topicals,Skincare,Topicals,https://www.mytopicals.com
topologie,Cell Phones & Accessories,Topologie,https://www.topologie.com
toro,Lawn care equipment/mowers,Toro,https://www.toro.com
toshiba,Microwaves/Toaster Ovens,Toshiba,https://www.toshiba-lifestyle.com
totallee,Cell Phones & Accessories,Totallee,https://www.totalleecase.com
tower-28,Makeup,Tower 28,https://www.tower28beauty.com
tower-paddle-boards,Watersports,Tower Paddle Boards,https://www.towerpaddleboards.com
tp-link,Networking,TP-Link,https://www.tp-link.com
tracksmith,Running,Tracksmith,https://www.tracksmith.com
traeger,Grills/BBQ,Traeger,https://www.traegergrills.com
transcat,Measurement & Test Instruments,Transcat,https://www.transcat.com
transparent-labs,Vitamins & Supplements,Transparent Labs,https://transparentlabs.com
traveler-s-company,Notebooks & Journals,Traveler's Company,https://www.travelers-company.com
trek,Cycling,Trek,https://www.trekbikes.com
trex-outdoor-furniture,Outdoor furniture,Trex Outdoor Furniture,https://www.trexoutdoorfurniture.com
troll-and-toad,Trading Cards,Troll and Toad,https://www.trollandtoad.com
troma-direct,Movies & TV,Troma Direct,https://www.tromadirect.com
trotec-laser,CNC / Laser Cutters / Fabrication,Trotec Laser,https://www.troteclaser.com
tubby-todd,Baby Care,Tubby Todd,https://tubbytodd.com
tumble,Outdoor rugs/textiles,Tumble,https://tumble.com
turtle-beach,Controllers,Turtle Beach,https://www.turtlebeach.com
tushy,Paper Goods,Tushy,https://hellotushy.com
twelve-south,Cell Phones & Accessories,Twelve South,https://www.twelvesouth.com
twelve-south-cables-a-2,Cables/Adapters,Twelve South,https://www.twelvesouth.com
tylko,Furniture,Tylko,https://tylko.com
ubiquiti,Networking,Ubiquiti,https://ui.com
ubisoft-store,AAA Publisher Store,Ubisoft Store,https://store.ubisoft.com
ugmonk,Desk Accessories & Organizers,Ugmonk,https://ugmonk.com
ugreen,Cell Phones & Accessories,Ugreen,https://www.ugreen.com
ugreen-cables-a-2,Cables/Adapters,Ugreen,https://www.ugreen.com
uline,Packaging & Shipping Supplies,Uline,https://www.uline.com
ultimaker,3D Printers & Additive Manufacturing,Ultimaker,https://www.ultimaker.com
umbrella-entertainment,Movies & TV,Umbrella Entertainment,https://shop.umbrellaent.com.au
unbottled,Body Care,Unbottled,https://unbottled.co
uncommon-goods,Garden decor,Uncommon Goods,https://www.uncommongoods.com
uni-ball,Pens & Writing,Uni-ball,https://uniballco.com
uniaccessories,Cell Phones & Accessories,UniAccessories,https://www.uniaccessories.io
uniqueme,Cell Phones & Accessories,UniqueMe,https://www.uniqueme.com
united-record-pressing,Vinyl Pressing Plant,United Record Pressing,https://www.unitedrecordpressing.com
university-of-chicago-press,Academic/University Press,University of Chicago Press,https://press.uchicago.edu
unstable-games,Card Games,Unstable Games,https://www.unstablegames.com
up1-co-uk,Movies & TV,UP1.co.uk,https://www.up1.co.uk
uplift-desk,Desks,Uplift Desk,https://www.upliftdesk.com
vaja-cases,Cell Phones & Accessories,Vaja Cases,https://www.vajacases.com
vanmoof,Cycling,VanMoof,https://www.vanmoof.com
vari,Desks,Vari,https://www.vari.com
varjo,VR Hardware,Varjo,https://varjo.com
varmilo,Keyboards,Varmilo,https://www.varmilo.com
vaxee,Mice,Vaxee,https://www.vaxee.co
veikk,Graphics Tablets,Veikk,https://www.veikk.com
velocity-micro,Desktops/PCs/Builders,Velocity Micro,https://www.velocitymicro.com
velvet-caviar,Cell Phones & Accessories,Velvet Caviar,https://www.velvetcaviar.com
veradek,Planters/Pots,Veradek,https://www.veradek.com
verona,Ranges/Cooktops/Ovens,Verona,https://www.veronaappliances.com
verso-books,Small Press Publisher,Verso Books,https://www.versobooks.com
via-vision-entertainment,Movies & TV,Via Vision Entertainment,https://viavision.com.au
vicis,Team Sports,Vicis,https://vicis.com
victus-sports,Team Sports,Victus Sports,https://victussports.com
viewsonic,Monitors,ViewSonic,https://www.viewsonic.com
viking,Refrigerators,Viking,https://www.vikingrange.com
vinegar-syndrome,Movies & TV,Vinegar Syndrome,https://vinegarsyndrome.com
vintage-vinyl,Independent Record Store - US,Vintage Vinyl,https://www.vintagevinyl.com
viori-beauty,Bath/Shower,Viori Beauty,https://viori.com
vista-pro,Outdoor lighting,Vista Pro,https://www.vistapro.com
vistaprint,Printing services (DTC),Vistaprint,https://www.vistaprint.com
vital-proteins,Wellness,Vital Proteins,https://www.vitalproteins.com
vitamix,Smart Home & Appliances,Vitamix,https://www.vitamix.com
vitamix-small-ki-2,Small Kitchen Appliances,Vitamix,https://www.vitamix.com
vivaterra,Garden decor,VivaTerra,https://www.vivaterra.com
voltaic-systems,Cell Phones & Accessories,Voltaic Systems,https://www.voltaicsystems.com
voluspa,Candles & Scent,Voluspa,https://www.voluspa.com
vornado,HVAC/Portable AC/Heaters,Vornado,https://www.vornado.com
vortex,Keyboards,Vortex,https://vortexgear.tw
vr-cover,VR Hardware,VR Cover,https://vr-cover.com
vuori,Outdoor Apparel,Vuori,https://www.vuoriclothing.com
vwr-avantor,Lab Equipment & Supplies,VWR (Avantor),https://www.vwr.com
vyrao,Fragrance,Vyrao,https://vyrao.com
wacom,Graphics Tablets,Wacom,https://www.wacom.com
waterfield-designs,Laptop Bags,WaterField Designs,https://www.sfbags.com
waterloo-records-independ-2,Independent Record Store - US,Waterloo Records,https://www.waterloorecords.com
wave-books,Small Press Publisher,Wave Books,https://www.wavepoetry.com
weber,Grills/BBQ,Weber,https://www.weber.com
weezie,Bath,Weezie,https://weezietowels.com
well-go-usa,Movies & TV,Well Go USA,https://www.wellgousa.com
welly,OTC/Wellness,Welly,https://getwelly.com
wesco-international,MRO Supplies,Wesco International,https://www.wesco.com
western-digital,Storage/SSDs,Western Digital,https://www.westerndigital.com
western-rise,Outdoor Apparel,Western Rise,https://westernrise.com
westman-atelier,Makeup,Westman Atelier,https://www.westman-atelier.com
what-do-you-meme,Card Games,What Do You Meme?,https://whatdoyoumeme.com
whirlpool,Washers/Dryers,Whirlpool,https://www.whirlpool.com
white-noise-records,Independent Record Store - Asia/Other,White Noise Records,https://www.whitenoiserecords.org
whitestone-dome,Cell Phones & Accessories,Whitestone Dome,https://www.whitestonedome.com
who-gives-a-crap,Paper Goods,Who Gives a Crap,https://whogivesacrap.org
wicked-vision,Movies & TV,Wicked Vision,https://www.wicked-vision.com
wild-republic,Plush,Wild Republic,https://www.wildrepublic.com
wildbird,Carriers,Wildbird,https://wildbird.co
wilderness-systems,Watersports,Wilderness Systems,https://www.wildernesssystems.com
wildflower-cases,Cell Phones & Accessories,Wildflower Cases,https://www.wildflowercases.com
william-ellery,Outdoor Apparel,William Ellery,https://williamellery.co
willow-hygiene,Elderly Care,Willow Hygiene,https://willow-hygiene.com
wind-and-weather,Garden decor,Wind & Weather,https://www.windandweather.com
windmill-air,HVAC/Portable AC/Heaters,Windmill Air,https://windmillair.com
winix,Air Purifiers,Winix,https://www.winixamerica.com
wizkids,Tabletop RPG,WizKids,https://wizkids.com
wolf,Ranges/Cooktops/Ovens,Wolf,https://www.subzero-wolf.com/wolf
wolf-gourmet,Small Kitchen Appliances,Wolf Gourmet,https://www.subzero-wolf.com/wolf-gourmet
womaness,Women's Health,Womaness,https://womaness.com
womier,Keyboards,Womier,https://womierkeyboard.com
wonder-workshop,STEM,Wonder Workshop,https://www.makewonder.com
woodard,Patio dining,Woodard,https://www.woodard-furniture.com
woodcessories,Cell Phones & Accessories,Woodcessories,https://www.woodcessories.com
woodchuck-usa,Cell Phones & Accessories,Woodchuck USA,https://www.woodchuckusa.com
wooting,Keyboards,Wooting,https://wooting.io
write-notepads-and-co,Notebooks & Journals,Write Notepads & Co.,https://www.writepads.com
wuque-studio,Keyboards,Wuque Studio,https://wuquestudio.com
x-chair,Office Chairs,X-Chair,https://www.xchair.com
x-dragon,Cell Phones & Accessories,X-Dragon,https://www.x-dragon.net
xentris,Cell Phones & Accessories,Xentris,https://www.xentriswireless.com
xigxag,Audiobook DTC,xigxag,https://xigxag.co.uk
xlear,Oral Care,Xlear,https://xlear.com
xtool,CNC / Laser Cutters / Fabrication,xTool,https://www.xtool.com
xtorm,Cell Phones & Accessories,Xtorm,https://www.xtorm.eu
xtrfy,Mice,Xtrfy,https://xtrfy.com
yacht-club-games-store,Indie Studio Merch,Yacht Club Games Store,https://yachtclubgames.com/store
yale-university-press,Academic/University Press,Yale University Press,https://yalebooks.yale.edu
yamazaki-home,Organization,Yamazaki Home,https://theyamazakihome.com
yamazaki-home-desk-acc-2,Desk Accessories & Organizers,Yamazaki Home,https://theyamazakihome.com
yanagisawa,Wind Instruments,Yanagisawa,https://www.yanagisawasax.co.jp
yardbird,Furniture,Yardbird,https://yardbird.com
yardbird-outdoor--2,Outdoor furniture,Yardbird,https://yardbird.com
year-and-day,Dinnerware,Year & Day,https://yearandday.com
yogi-bare,Yoga,Yogi Bare,https://www.yogi-bare.co.uk
yokogawa,Measurement & Test Instruments,Yokogawa,https://www.yokogawa.com
youth-to-the-people,Skincare,Youth to the People,https://www.youthtothepeople.com
yunzii,Keyboards,Yunzii,https://www.yunzii.com
zebra-pen,Labels & Markers & Highlighters,Zebra Pen,https://www.zebrapen.com
zendure,Cell Phones & Accessories,Zendure,https://www.zendure.com
zens,Cell Phones & Accessories,Zens,https://www.zens.tech
zerowater,Water Filtration/Dispensers,ZeroWater,https://www.zerowater.com
zia-records,Movies & TV,Zia Records,https://www.ziarecords.com
zia-records-independ-2,Independent Record Store - US,Zia Records,https://www.ziarecords.com
zojirushi,Small Kitchen Appliances,Zojirushi,https://www.zojirushi.com
zoro,MRO Supplies,Zoro,https://www.zoro.com
zowie,Monitors,Zowie,https://zowie.benq.com
zpacks,Camping & Hiking Gear,Zpacks,https://zpacks.com
